price,area,bedrooms,bathrooms,address
3.2,64.0,1.0,2.0,quận 9
11.8,79.0,2.0,2.0,quận 1
13.5,77.0,2.0,2.0,quận 1
14.8,66.0,2.0,2.0,quận 1
7.0,63.5,2.0,2.0,quận 2
10.5,74.2,2.0,2.0,quận 2
8.0,80.0,2.0,2.0,quận 2
8.4,80.0,2.0,2.0,quận 2
8.8,72.0,2.0,2.0,quận 2
11.0,79.0,2.0,2.0,quận 2
18.5,107.0,2.0,2.0,quận 2
16.9,83.0,2.0,2.0,quận 2
21.0,80.0,2.0,2.0,quận 2
6.9,68.0,2.0,2.0,quận 2
7.4,72.0,2.0,2.0,quận 2
8.7,81.0,2.0,2.0,quận 2
9.3,85.0,2.0,2.0,quận 2
8.5,71.0,2.0,2.0,quận 2
11.8,89.0,2.0,2.0,quận 2
12.0,89.0,2.0,2.0,quận 2
10.3,74.0,2.0,2.0,quận 2
8.4,90.0,2.0,2.0,quận 2
7.9,77.0,2.0,2.0,quận 2
16.5,94.0,2.0,2.0,quận 2
18.0,97.0,2.0,2.0,quận 2
5.7,68.0,2.0,2.0,quận 2
10.0,94.0,2.0,2.0,quận 2
10.6,75.0,2.0,2.0,quận 2
11.0,76.0,2.0,2.0,quận 2
6.2,70.0,2.0,2.0,quận 2
8.3,80.0,2.0,2.0,quận 2
4.9,65.0,2.0,2.0,quận 2
5.2,73.0,2.0,2.0,quận 2
7.5,87.0,2.0,2.0,quận 2
9.5,98.0,2.0,2.0,quận 2
8.3,85.0,2.0,2.0,quận 2
7.0,74.0,2.0,2.0,quận 2
7.8,73.0,2.0,2.0,quận 2
9.9,91.0,2.0,2.0,quận 2
5.2,65.0,2.0,2.0,quận 2
9.2,96.0,2.0,2.0,quận 2
7.2,72.0,2.0,2.0,quận 2
17.5,90.0,2.0,2.0,quận 2
12.3,75.0,2.0,2.0,quận 2
18.5,107.0,2.0,2.0,quận 2
17.5,94.0,2.0,2.0,quận 2
3.1,55.0,2.0,2.0,quận 2
6.2,90.0,2.0,2.0,quận 2
6.6,71.0,2.0,2.0,quận 2
8.8,77.0,2.0,2.0,quận 2
7.7,72.0,2.0,2.0,quận 3
7.9,43.0,2.0,2.0,quận 3
6.64,83.0,2.0,2.0,quận 4
6.2,82.0,2.0,2.0,quận 4
6.75,80.0,2.0,2.0,quận 4
7.5,90.0,2.0,2.0,quận 4
7.2,84.0,2.0,2.0,quận 4
7.6,80.0,2.0,2.0,quận 4
7.37,75.0,2.0,2.0,quận 4
8.2,76.0,2.0,2.0,quận 4
4.5,82.0,2.0,2.0,quận 4
6.85,81.0,2.0,2.0,quận 4
7.9,75.0,2.0,2.0,quận 4
8.0,82.0,2.0,2.0,quận 4
8.5,87.0,2.0,2.0,quận 5
11.0,90.0,2.0,2.0,quận 5
9.3,86.0,2.0,2.0,quận 5
12.0,90.0,2.0,2.0,quận 5
5.1,70.0,2.0,2.0,quận 6
5.2,70.0,2.0,2.0,quận 6
5.2,70.0,2.0,2.0,quận 6
4.1,84.0,2.0,2.0,quận 6
3.7,72.0,2.0,2.0,quận 7
3.7,70.0,2.0,2.0,quận 7
3.7,67.0,2.0,2.0,quận 7
4.58,75.0,2.0,2.0,quận 7
5.55,66.0,2.0,2.0,quận 7
5.5,66.0,2.0,2.0,quận 7
5.68,65.0,2.0,2.0,quận 7
8.0,100.0,2.0,2.0,quận 7
3.52,69.0,2.0,2.0,quận 7
3.8,66.0,2.0,2.0,quận 7
5.2,93.0,2.0,2.0,quận 7
5.6,76.0,2.0,2.0,quận 7
7.0,82.0,2.0,2.0,quận 7
3.5,67.0,2.0,2.0,quận 7
5.45,75.0,2.0,2.0,quận 7
7.8,94.0,2.0,2.0,quận 7
4.48,82.0,2.0,2.0,quận 7
4.65,72.0,2.0,2.0,quận 7
7.9,99.0,2.0,2.0,quận 7
3.69,66.66,2.0,2.0,quận 7
4.0,70.0,2.0,2.0,quận 7
3.45,70.0,2.0,2.0,quận 7
7.9,100.0,2.0,2.0,quận 7
7.3,77.0,2.0,2.0,quận 7
6.3,70.02,2.0,2.0,quận 7
4.55,82.0,2.0,2.0,quận 7
4.5,69.0,2.0,2.0,quận 7
8.0,97.0,2.0,2.0,quận 7
8.0,97.0,2.0,2.0,quận 7
7.6,79.0,2.0,2.0,quận 7
10.2,86.0,2.0,2.0,quận 7
9.45,80.5,2.0,2.0,quận 7
2.79,85.0,2.0,2.0,quận 7
5.69,81.0,2.0,2.0,quận 7
5.35,76.0,2.0,2.0,quận 7
5.5,75.0,2.0,2.0,quận 7
4.15,57.0,2.0,2.0,quận 7
7.5,78.0,2.0,2.0,quận 7
3.4,66.66,2.0,2.0,quận 7
8.5,88.0,2.0,2.0,quận 7
10.3,98.0,2.0,2.0,quận 7
2.65,73.0,2.0,2.0,quận 8
2.35,62.0,2.0,2.0,quận 8
3.35,60.0,2.0,2.0,quận 8
7.5,77.4,2.0,2.0,quận 8
2.65,74.0,2.0,2.0,quận 8
2.99,66.0,2.0,2.0,quận 8
2.25,62.0,2.0,2.0,quận 8
3.35,60.0,2.0,2.0,quận 8
5.52,77.27,2.0,2.0,quận 9
2.8,70.0,2.0,2.0,quận 9
2.9,60.0,2.0,2.0,quận 9
3.95,79.0,2.0,2.0,quận 9
3.9,74.0,2.0,2.0,quận 9
3.6,70.0,2.0,2.0,quận 9
3.0,60.0,2.0,2.0,quận 9
3.5,59.0,2.0,2.0,quận 9
3.12,59.0,2.0,2.0,quận 9
4.8,68.0,2.0,2.0,quận 9
4.9,68.0,2.0,2.0,quận 9
5.1,80.0,2.0,2.0,quận 9
3.57,79.0,2.0,2.0,quận 9
3.5,74.0,2.0,2.0,quận 9
5.76,80.0,2.0,2.0,quận 9
6.0,80.0,2.0,2.0,quận 9
3.3,69.0,2.0,2.0,quận 9
3.25,55.0,2.0,2.0,quận 9
2.8,58.0,2.0,2.0,quận 9
3.1,63.0,2.0,2.0,quận 9
4.25,75.0,2.0,2.0,quận 9
5.54,80.0,2.0,2.0,quận 9
3.39,79.0,2.0,2.0,quận 9
3.75,73.0,2.0,2.0,quận 9
3.92,69.0,2.0,2.0,quận 9
3.25,65.0,2.0,2.0,quận 9
4.45,73.0,2.0,2.0,quận 9
4.15,67.0,2.0,2.0,quận 9
4.1,72.6,2.0,2.0,quận 9
3.9,73.0,2.0,2.0,quận 9
3.4,67.0,2.0,2.0,quận 9
4.0,72.0,2.0,2.0,quận 9
3.8,74.0,2.0,2.0,quận 9
2.5,47.0,2.0,2.0,quận 9
3.3,69.0,2.0,2.0,quận 9
4.55,70.0,2.0,2.0,quận 9
5.3,74.0,2.0,2.0,quận 9
4.4,74.0,2.0,2.0,quận 9
4.35,72.0,2.0,2.0,quận 9
5.44,80.0,2.0,2.0,quận 9
10.47,86.9,2.0,2.0,quận 10
8.8,86.0,2.0,2.0,quận 10
9.8,87.0,2.0,2.0,quận 10
9.3,87.0,2.0,2.0,quận 10
9.8,86.0,2.0,2.0,quận 10
9.8,86.0,2.0,2.0,quận 10
10.52,87.0,2.0,2.0,quận 10
3.85,85.0,2.0,2.0,quận 10
9.7,87.0,2.0,2.0,quận 10
9.0,87.0,2.0,2.0,quận 10
6.6,79.0,2.0,2.0,quận 10
1.4,55.0,2.0,2.0,bình chánh
1.89,50.0,2.0,2.0,bình chánh
1.87,50.0,2.0,2.0,bình chánh
2.6,59.0,2.0,2.0,bình chánh
2.6,59.0,2.0,2.0,bình chánh
4.55,78.0,2.0,2.0,bình chánh
1.3,60.0,2.0,2.0,bình chánh
1.07,55.0,2.0,2.0,bình chánh
1.5,53.0,2.0,2.0,bình chánh
1.7,50.0,2.0,2.0,bình chánh
2.6,59.0,2.0,2.0,bình chánh
2.65,59.0,2.0,2.0,bình chánh
2.65,59.0,2.0,2.0,bình chánh
2.58,59.0,2.0,2.0,bình chánh
5.0,78.0,2.0,2.0,bình chánh
3.18,69.0,2.0,2.0,bình chánh
4.4,78.0,2.0,2.0,bình chánh
4.6,73.0,2.0,2.0,bình chánh
5.2,78.0,2.0,2.0,bình chánh
4.3,74.0,2.0,2.0,bình tân
4.1,68.0,2.0,2.0,bình tân
4.2,68.0,2.0,2.0,bình tân
3.25,70.0,2.0,2.0,bình tân
4.0,69.0,2.0,2.0,bình tân
4.5,80.0,2.0,2.0,bình tân
4.5,80.0,2.0,2.0,bình tân
4.65,80.0,2.0,2.0,bình tân
4.2,75.0,2.0,2.0,bình tân
1.92,48.0,2.0,2.0,gò vấp
1.92,48.0,2.0,2.0,gò vấp
2.15,53.0,2.0,2.0,gò vấp
2.0,50.0,2.0,2.0,gò vấp
2.0,50.0,2.0,2.0,gò vấp
1.88,47.0,2.0,2.0,gò vấp
1.92,48.0,2.0,2.0,gò vấp
1.95,48.0,2.0,2.0,gò vấp
7.0,47.0,2.0,2.0,gò vấp
7.99,83.0,2.0,2.0,bình thạnh
8.3,89.0,2.0,2.0,bình thạnh
8.0,86.0,2.0,2.0,bình thạnh
8.3,82.0,2.0,2.0,bình thạnh
12.8,86.0,2.0,2.0,bình thạnh
8.1,88.0,2.0,2.0,bình thạnh
8.9,82.0,2.0,2.0,bình thạnh
8.5,80.0,2.0,2.0,bình thạnh
13.8,107.0,2.0,2.0,bình thạnh
13.7,107.0,2.0,2.0,bình thạnh
9.6,72.0,2.0,2.0,bình thạnh
15.0,105.0,2.0,2.0,bình thạnh
8.5,86.0,2.0,2.0,bình thạnh
8.5,89.0,2.0,2.0,bình thạnh
9.8,82.0,2.0,2.0,bình thạnh
14.4,106.0,2.0,2.0,bình thạnh
12.8,95.0,2.0,2.0,bình thạnh
9.9,82.0,2.0,2.0,bình thạnh
16.0,105.0,2.0,2.0,bình thạnh
3.0,72.0,2.0,2.0,bình thạnh
8.3,89.0,2.0,2.0,bình thạnh
2.65,20.0,2.0,2.0,bình thạnh
14.21,98.0,2.0,2.0,bình thạnh
6.9,86.6,2.0,2.0,tân phú
7.0,85.3,2.0,2.0,tân phú
7.5,96.0,2.0,2.0,tân phú
3.5,68.0,2.0,2.0,tân phú
3.6,68.0,2.0,2.0,tân phú
6.0,54.0,2.0,2.0,tân phú
3.95,81.5,2.0,2.0,tân phú
6.65,88.8,2.0,2.0,tân phú
2.67,86.0,2.0,2.0,tân phú
6.4,85.0,2.0,2.0,tân phú
3.85,33.0,2.0,2.0,tân phú
3.6,78.0,2.0,2.0,tân phú
3.6,65.0,2.0,2.0,tân phú
4.72,72.0,2.0,2.0,tân phú
4.15,100.0,2.0,2.0,nhà bè
4.5,71.0,2.0,2.0,nhà bè
6.0,81.0,2.0,2.0,nhà bè
5.0,65.0,2.0,2.0,nhà bè
3.97,63.0,2.0,2.0,nhà bè
4.7,70.0,2.0,2.0,nhà bè
5.7,80.0,2.0,2.0,nhà bè
5.3,80.0,2.0,2.0,nhà bè
5.7,76.0,2.0,2.0,nhà bè
3.8,66.0,2.0,2.0,nhà bè
3.8,60.0,2.0,2.0,nhà bè
4.1,71.0,2.0,2.0,nhà bè
4.85,70.0,2.0,2.0,nhà bè
4.0,65.0,2.0,2.0,nhà bè
5.7,80.0,2.0,2.0,nhà bè
5.9,80.0,2.0,2.0,nhà bè
4.75,78.0,2.0,2.0,nhà bè
4.6,70.0,2.0,2.0,nhà bè
4.69,67.0,2.0,2.0,nhà bè
3.9,62.0,2.0,2.0,nhà bè
4.5,72.0,2.0,2.0,nhà bè
3.1,70.0,2.0,2.0,thủ đức
3.17,69.0,2.0,2.0,thủ đức
5.2,78.0,2.0,2.0,thủ đức
3.75,68.0,2.0,2.0,thủ đức
4.05,68.0,2.0,2.0,thủ đức
5.4,80.0,2.0,2.0,thủ đức
2.14,57.0,2.0,2.0,thủ đức
3.1,70.0,2.0,2.0,thủ đức
5.97,79.21,2.0,2.0,thủ đức
5.45,84.0,2.0,2.0,thủ đức
5.3,65.0,2.0,2.0,thủ đức
3.99,53.0,2.0,2.0,thủ đức
21.5,110.0,3.0,2.0,quận 1
11.2,98.5,3.0,2.0,quận 2
14.7,117.0,3.0,2.0,quận 2
8.87,102.0,3.0,2.0,quận 2
9.8,94.0,3.0,2.0,quận 2
19.5,104.0,3.0,2.0,quận 2
21.3,102.0,3.0,2.0,quận 2
10.5,107.0,3.0,2.0,quận 2
8.5,96.0,3.0,2.0,quận 2
9.2,96.0,3.0,2.0,quận 2
8.9,109.0,3.0,2.0,quận 2
9.28,109.0,3.0,2.0,quận 2
15.6,132.0,3.0,2.0,quận 2
6.5,75.0,3.0,2.0,quận 2
8.5,96.0,3.0,2.0,quận 2
8.3,96.0,3.0,2.0,quận 2
11.0,100.0,3.0,2.0,quận 2
11.5,98.4,3.0,2.0,quận 2
8.3,96.0,3.0,2.0,quận 2
13.4,110.0,3.0,2.0,quận 2
6.5,117.0,3.0,2.0,quận 4
8.95,101.0,3.0,2.0,quận 4
9.0,100.0,3.0,2.0,quận 4
10.0,93.0,3.0,2.0,quận 4
2.85,26.0,3.0,2.0,quận 4
17.7,128.0,3.0,2.0,quận 5
17.0,128.0,3.0,2.0,quận 5
18.0,128.0,3.0,2.0,quận 5
18.0,128.0,3.0,2.0,quận 5
19.75,135.0,3.0,2.0,quận 5
5.2,70.0,3.0,2.0,quận 6
10.0,136.0,3.0,2.0,quận 6
3.8,100.0,3.0,2.0,quận 6
7.5,102.0,3.0,2.0,quận 7
7.5,94.0,3.0,2.0,quận 7
9.2,120.0,3.0,2.0,quận 7
8.1,95.0,3.0,2.0,quận 7
5.68,88.0,3.0,2.0,quận 7
10.0,138.0,3.0,2.0,quận 7
3.65,75.0,3.0,2.0,quận 7
5.0,83.0,3.0,2.0,quận 7
10.5,121.0,3.0,2.0,quận 7
13.0,147.0,3.0,2.0,quận 7
6.58,85.0,3.0,2.0,quận 7
9.5,110.0,3.0,2.0,quận 7
8.2,152.0,3.0,2.0,quận 7
8.6,152.0,3.0,2.0,quận 7
9.6,118.0,3.0,2.0,quận 7
10.3,118.0,3.0,2.0,quận 7
5.4,114.0,3.0,2.0,quận 7
10.7,134.0,3.0,2.0,quận 7
13.5,130.0,3.0,2.0,quận 7
5.8,114.0,3.0,2.0,quận 7
5.93,88.0,3.0,2.0,quận 7
6.49,89.0,3.0,2.0,quận 7
5.5,74.0,3.0,2.0,quận 7
10.7,135.0,3.0,2.0,quận 7
11.0,138.0,3.0,2.0,quận 7
6.3,110.0,3.0,2.0,quận 7
9.0,120.0,3.0,2.0,quận 7
3.09,75.0,3.0,2.0,quận 8
5.03,109.0,3.0,2.0,quận 8
3.75,83.0,3.0,2.0,quận 9
3.78,83.0,3.0,2.0,quận 9
3.65,83.0,3.0,2.0,quận 9
3.7,81.0,3.0,2.0,quận 9
4.0,82.0,3.0,2.0,quận 9
4.6,92.0,3.0,2.0,quận 9
4.1,87.0,3.0,2.0,quận 9
6.26,108.0,3.0,2.0,quận 9
5.2,55.0,3.0,2.0,quận 9
4.0,81.0,3.0,2.0,quận 9
6.5,54.6,3.0,2.0,quận 9
3.0,86.0,3.0,2.0,quận 9
8.05,116.0,3.0,2.0,quận 9
9.7,86.0,3.0,2.0,quận 10
12.4,103.0,3.0,2.0,quận 10
4.95,98.0,3.0,2.0,quận 10
7.8,90.0,3.0,2.0,quận 10
14.9,108.0,3.0,2.0,quận 10
7.3,90.0,3.0,2.0,quận 10
1.35,81.2,3.0,2.0,bình chánh
1.09,48.0,3.0,2.0,bình chánh
3.65,114.0,3.0,2.0,bình chánh
3.6,114.0,3.0,2.0,bình chánh
5.69,95.0,3.0,2.0,bình chánh
5.4,76.0,3.0,2.0,bình chánh
5.1,83.33,3.0,2.0,bình tân
3.88,82.0,3.0,2.0,bình tân
4.0,86.0,3.0,2.0,bình tân
4.0,68.0,3.0,2.0,bình tân
3.55,75.0,3.0,2.0,bình tân
3.58,81.0,3.0,2.0,bình tân
5.69,63.0,3.0,2.0,gò vấp
6.5,106.0,3.0,2.0,gò vấp
12.0,120.0,3.0,2.0,bình thạnh
12.0,115.0,3.0,2.0,bình thạnh
11.0,100.0,3.0,2.0,bình thạnh
13.0,108.0,3.0,2.0,bình thạnh
15.0,120.0,3.0,2.0,bình thạnh
14.85,112.0,3.0,2.0,bình thạnh
13.0,128.0,3.0,2.0,bình thạnh
12.0,117.0,3.0,2.0,bình thạnh
12.9,115.0,3.0,2.0,bình thạnh
12.5,110.0,3.0,2.0,bình thạnh
12.0,120.0,3.0,2.0,bình thạnh
13.7,120.0,3.0,2.0,bình thạnh
18.9,130.0,3.0,2.0,bình thạnh
11.0,135.0,3.0,2.0,bình thạnh
13.5,141.0,3.0,2.0,bình thạnh
8.48,121.0,3.0,2.0,tân phú
6.65,105.0,3.0,2.0,nhà bè
4.5,106.0,3.0,2.0,nhà bè
6.7,94.0,3.0,2.0,nhà bè
4.4,110.0,3.0,2.0,nhà bè
5.9,95.0,3.0,2.0,nhà bè
5.5,90.0,3.0,2.0,thủ đức
6.35,64.0,4.0,2.0,tân phú
12.45,105.0,3.0,2.0,quận 1
10.39,121.0,3.0,2.0,quận 1
4.14,78.0,2.0,2.0,quận 1
3.135,72.0,2.0,2.0,quận 1
5.18,69.0,2.0,2.0,quận 1
11.26,121.0,3.0,2.0,quận 1
1.99,32.0,1.0,2.0,quận 1
1.965,108.0,3.0,2.0,quận 1
11.0,121.0,3.0,2.0,quận 1
5.1,80.0,2.0,2.0,quận 1
5.1,80.0,2.0,2.0,quận 1
15.0,100.0,3.0,2.0,quận 1
8.0,72.0,2.0,2.0,quận 1
16.5,121.0,3.0,2.0,quận 1
11.0,80.0,2.0,2.0,quận 1
12.0,80.0,2.0,2.0,quận 1
7.9,74.0,2.0,2.0,quận 1
11.5,80.0,2.0,2.0,quận 1
7.9,68.0,2.0,2.0,quận 1
8.0,70.0,2.0,2.0,quận 1
9.0,70.0,2.0,2.0,quận 1
14.9,101.0,3.0,2.0,quận 1
16.0,121.0,3.0,2.0,quận 1
17.0,100.0,3.0,2.0,quận 1
17.5,100.0,3.0,2.0,quận 1
11.0,70.0,2.0,2.0,quận 1
15.5,101.0,3.0,2.0,quận 1
5.0,70.3,2.0,2.0,quận 1
10.5,70.0,2.0,2.0,quận 1
2.0,75.0,2.0,2.0,quận 1
14.0,71.0,2.0,2.0,quận 1
10.2,70.0,2.0,2.0,quận 1
20.0,110.0,2.0,2.0,quận 1
13.6,120.0,3.0,2.0,quận 2
10.5,88.0,2.0,2.0,quận 2
13.0,96.0,2.0,2.0,quận 2
15.0,100.0,2.0,2.0,quận 2
19.0,142.0,3.0,2.0,quận 2
20.0,135.0,3.0,2.0,quận 2
12.0,70.0,2.0,2.0,quận 2
14.0,130.0,2.0,2.0,quận 2
13.5,100.0,2.0,2.0,quận 2
13.0,100.0,2.0,2.0,quận 2
11.7,88.0,2.0,2.0,quận 2
14.0,100.0,2.0,2.0,quận 2
16.8,135.0,3.0,2.0,quận 2
12.0,120.0,3.0,2.0,quận 2
7.0,88.0,3.0,2.0,quận 2
10.0,100.0,2.0,2.0,quận 2
10.5,120.0,3.0,2.0,quận 2
12.0,88.0,2.0,2.0,quận 2
13.0,112.0,3.0,2.0,quận 2
8.2,92.0,2.0,2.0,quận 2
13.0,100.0,2.0,2.0,quận 2
9.7,88.0,2.0,2.0,quận 2
12.9,120.0,3.0,2.0,quận 2
11.5,113.0,3.0,2.0,quận 2
12.9,98.0,2.0,2.0,quận 2
11.0,120.0,3.0,2.0,quận 2
13.5,100.0,2.0,2.0,quận 2
18.0,127.0,3.0,2.0,quận 2
13.0,113.0,3.0,2.0,quận 2
9.2,88.0,2.0,2.0,quận 2
16.0,127.0,3.0,2.0,quận 2
10.3,97.0,2.0,2.0,quận 2
2.46,105.0,3.0,2.0,quận 2
2.455,95.0,3.0,2.0,quận 2
1.689,95.0,3.0,2.0,quận 2
5.999,72.0,2.0,2.0,quận 2
1.34,67.0,2.0,2.0,quận 2
1.55,95.0,3.0,2.0,quận 2
1.55,61.0,2.0,2.0,quận 2
1.28,77.0,2.0,2.0,quận 2
1.55,61.0,2.0,2.0,quận 2
1.45,108.0,3.0,2.0,quận 2
1.58,102.0,3.0,2.0,quận 2
21.0,129.0,3.0,2.0,quận 2
20.5,127.0,3.0,2.0,quận 2
10.5,92.0,2.0,2.0,quận 2
12.9,113.0,3.0,2.0,quận 2
11.5,88.0,2.0,2.0,quận 2
10.2,88.0,2.0,2.0,quận 2
18.0,127.0,3.0,2.0,quận 2
3.105,75.0,2.0,2.0,quận 3
8.5,80.0,3.0,2.0,quận 3
10.0,74.0,2.0,2.0,quận 3
3.555,72.0,2.0,2.0,quận 3
1.1,68.0,2.0,2.0,quận 3
10.5,88.0,2.0,2.0,quận 2
13.0,96.0,2.0,2.0,quận 2
15.0,100.0,2.0,2.0,quận 2
19.0,142.0,3.0,2.0,quận 2
20.0,135.0,3.0,2.0,quận 2
12.0,70.0,2.0,2.0,quận 2
14.0,130.0,2.0,2.0,quận 2
13.5,100.0,2.0,2.0,quận 2
13.0,100.0,2.0,2.0,quận 2
11.7,88.0,2.0,2.0,quận 2
14.0,100.0,2.0,2.0,quận 2
16.8,135.0,3.0,2.0,quận 2
12.0,120.0,3.0,2.0,quận 2
7.0,88.0,3.0,2.0,quận 2
10.0,100.0,2.0,2.0,quận 2
10.5,120.0,3.0,2.0,quận 2
12.0,88.0,2.0,2.0,quận 2
13.0,112.0,3.0,2.0,quận 2
8.2,92.0,2.0,2.0,quận 2
13.0,100.0,2.0,2.0,quận 2
9.7,88.0,2.0,2.0,quận 2
12.9,120.0,3.0,2.0,quận 2
11.5,113.0,3.0,2.0,quận 2
12.9,98.0,2.0,2.0,quận 2
11.0,120.0,3.0,2.0,quận 2
13.5,100.0,2.0,2.0,quận 2
18.0,127.0,3.0,2.0,quận 2
13.0,113.0,3.0,2.0,quận 2
9.2,88.0,2.0,2.0,quận 2
16.0,127.0,3.0,2.0,quận 2
10.3,97.0,2.0,2.0,quận 2
2.46,105.0,3.0,2.0,quận 2
2.455,95.0,3.0,2.0,quận 2
1.689,95.0,3.0,2.0,quận 2
5.999,72.0,2.0,2.0,quận 2
1.34,67.0,2.0,2.0,quận 2
1.55,95.0,3.0,2.0,quận 2
1.55,61.0,2.0,2.0,quận 2
1.28,77.0,2.0,2.0,quận 2
1.55,61.0,2.0,2.0,quận 2
1.45,108.0,3.0,2.0,quận 2
1.58,102.0,3.0,2.0,quận 2
21.0,129.0,3.0,2.0,quận 2
20.5,127.0,3.0,2.0,quận 2
10.5,92.0,2.0,2.0,quận 2
12.9,113.0,3.0,2.0,quận 2
11.5,88.0,2.0,2.0,quận 2
10.2,88.0,2.0,2.0,quận 2
18.0,127.0,3.0,2.0,quận 2
8.5,80.0,3.0,2.0,quận 3
10.0,74.0,2.0,2.0,quận 3
3.555,72.0,2.0,2.0,quận 3
1.1,68.0,2.0,2.0,quận 3
2.15,106.6,3.0,2.0,quận 3
2.14,101.0,3.0,2.0,quận 3
3.5,94.0,3.0,2.0,quận 3
2.15,77.0,2.0,2.0,quận 3
3.15,98.0,3.0,2.0,quận 3
1.86,68.0,2.0,2.0,quận 3
5.49,58.0,1.0,2.0,quận 3
3.95,90.0,2.0,2.0,quận 3
3.205,72.0,2.0,2.0,quận 3
3.8,90.0,2.0,2.0,quận 3
1.64,72.0,2.0,2.0,quận 3
1.985,75.0,2.0,2.0,quận 3
1.88,88.0,2.0,2.0,quận 3
3.205,72.0,2.0,2.0,quận 3
1.99,72.0,2.0,2.0,quận 3
1.45,64.0,2.0,2.0,quận 3
3.55,91.0,2.0,2.0,quận 3
7.9,79.0,3.0,2.0,quận 3
1.67,76.0,2.0,2.0,quận 3
1.605,92.0,2.0,2.0,quận 3
1.45,64.0,2.0,2.0,quận 3
2.065,88.0,2.0,2.0,quận 3
1.53,72.0,2.0,2.0,quận 3
2.155,75.0,2.0,2.0,quận 3
1.5699999999999998,72.0,2.0,2.0,quận 3
3.6,82.0,2.0,2.0,quận 3
1.735,60.0,2.0,2.0,quận 3
1.53,72.0,2.0,2.0,quận 3
3.6,82.0,2.0,2.0,quận 3
2.03,90.0,3.0,2.0,quận 3
1.925,80.0,2.0,2.0,quận 3
7.2,72.0,2.0,2.0,quận 3
8.5,80.0,3.0,2.0,quận 3
10.0,74.0,2.0,2.0,quận 3
3.555,72.0,2.0,2.0,quận 3
1.1,68.0,2.0,2.0,quận 3
2.15,106.6,3.0,2.0,quận 3
2.14,101.0,3.0,2.0,quận 3
3.5,94.0,3.0,2.0,quận 3
2.15,77.0,2.0,2.0,quận 3
3.15,98.0,3.0,2.0,quận 3
1.86,68.0,2.0,2.0,quận 3
5.49,58.0,1.0,2.0,quận 3
3.95,90.0,2.0,2.0,quận 3
3.205,72.0,2.0,2.0,quận 3
3.8,90.0,2.0,2.0,quận 3
1.64,72.0,2.0,2.0,quận 3
1.985,75.0,2.0,2.0,quận 3
1.88,88.0,2.0,2.0,quận 3
3.205,72.0,2.0,2.0,quận 3
1.99,72.0,2.0,2.0,quận 3
1.45,64.0,2.0,2.0,quận 3
3.55,91.0,2.0,2.0,quận 3
7.9,79.0,3.0,2.0,quận 3
1.67,76.0,2.0,2.0,quận 3
1.605,92.0,2.0,2.0,quận 3
1.45,64.0,2.0,2.0,quận 3
2.065,88.0,2.0,2.0,quận 3
1.53,72.0,2.0,2.0,quận 3
2.155,75.0,2.0,2.0,quận 3
1.5699999999999998,72.0,2.0,2.0,quận 3
3.6,82.0,2.0,2.0,quận 3
1.735,60.0,2.0,2.0,quận 3
1.53,72.0,2.0,2.0,quận 3
3.6,82.0,2.0,2.0,quận 3
2.03,90.0,3.0,2.0,quận 3
1.925,80.0,2.0,2.0,quận 3
7.2,72.0,2.0,2.0,quận 3
1.46,84.0,2.0,2.0,quận 4
2.585,102.0,3.0,2.0,quận 4
2.75,84.0,2.0,2.0,quận 4
2.015,72.0,2.0,2.0,quận 4
1.835,81.0,2.0,2.0,quận 4
3.125,85.0,2.0,2.0,quận 4
1.85,80.64,2.0,2.0,quận 4
3.588,81.0,2.0,2.0,quận 4
2.83,92.0,3.0,2.0,quận 4
2.05,82.0,2.0,2.0,quận 4
1.97,71.0,2.0,2.0,quận 4
2.58,78.5,2.0,2.0,quận 4
1.388,80.64,2.0,2.0,quận 4
11.1,114.0,3.0,2.0,quận 4
2.9,45.0,2.0,2.0,quận 4
9.7,117.0,3.0,2.0,quận 4
7.5,80.0,2.0,2.0,quận 4
6.5,80.0,2.0,2.0,quận 4
6.9,80.0,2.0,2.0,quận 4
6.5,83.0,3.0,2.0,quận 4
7.3,111.0,3.0,2.0,quận 4
6.0,105.0,3.0,2.0,quận 4
4.6,80.0,2.0,2.0,quận 4
8.5,135.0,4.0,2.0,quận 4
5.75,99.0,1.0,2.0,quận 4
5.0,72.0,2.0,2.0,quận 4
5.5,75.0,2.0,2.0,quận 4
9.2,139.0,4.0,2.0,quận 4
5.5,92.0,2.0,2.0,quận 4
9.2,100.0,3.0,2.0,quận 4
5.5,92.0,2.0,2.0,quận 4
6.5,80.0,2.0,2.0,quận 4
5.3,75.0,2.0,2.0,quận 4
5.0,71.0,2.0,2.0,quận 4
5.5,85.0,2.0,2.0,quận 4
6.0,100.0,3.0,2.0,quận 4
8.6,135.0,4.0,2.0,quận 4
1.835,81.0,2.0,2.0,quận 4
2.55,63.5,2.0,2.0,quận 4
1.645,84.0,2.0,2.0,quận 4
1.58,71.0,2.0,2.0,quận 4
6.25,68.0,2.0,2.0,quận 4
1.53,75.0,2.0,2.0,quận 4
1.46,84.0,2.0,2.0,quận 4
1.605,71.0,2.0,2.0,quận 4
1.835,81.0,2.0,2.0,quận 4
2.47,60.0,2.0,2.0,quận 4
3.8,92.0,3.0,2.0,quận 4
2.02,70.0,2.0,2.0,quận 4
2.3,80.0,2.0,2.0,quận 4
8.5,83.0,3.0,2.0,quận 4
3.7,62.0,2.0,2.0,quận 4
5.75,100.0,3.0,2.0,quận 4
3.4,92.0,2.0,2.0,quận 4
3.515,68.0,2.0,2.0,quận 5
4.8,84.0,3.0,2.0,quận 5
7.0,100.0,3.0,2.0,quận 5
4.2,87.0,3.0,2.0,quận 5
6.8,100.0,3.0,2.0,quận 5
4.1,90.0,3.0,2.0,quận 5
3.5,86.0,3.0,2.0,quận 5
1.69,86.0,2.0,2.0,quận 5
4.9,102.0,3.0,2.0,quận 5
1.46,76.0,2.0,2.0,quận 5
3.65,80.0,2.0,2.0,quận 5
2.69,72.0,2.0,2.0,quận 5
1.25,65.0,2.0,2.0,quận 5
1.15,68.0,2.0,2.0,quận 5
1.35,69.0,2.0,2.0,quận 5
1.75,85.0,2.0,2.0,quận 5
1.95,80.0,2.0,2.0,quận 5
3.5,75.0,2.0,2.0,quận 5
3.68,80.0,2.0,2.0,quận 5
2.865,75.0,2.0,2.0,quận 5
1.51,90.0,3.0,2.0,quận 5
1.15,71.0,2.0,2.0,quận 5
1.505,61.0,2.0,2.0,quận 5
1.765,75.0,2.0,2.0,quận 5
2.35,75.0,2.0,2.0,quận 5
1.15,71.0,2.0,2.0,quận 5
1.62,74.0,2.0,2.0,quận 5
3.1,68.0,2.0,2.0,quận 5
4.3,86.0,2.0,2.0,quận 5
1.47,86.0,2.0,2.0,quận 5
3.5,100.0,2.0,2.0,quận 5
1.615,130.0,3.0,2.0,quận 5
1.535,62.0,2.0,2.0,quận 5
1.584,84.0,2.0,2.0,quận 5
1.643,80.0,2.0,2.0,quận 5
2.09,82.0,2.0,2.0,quận 5
2.3,86.0,2.0,2.0,quận 5
3.6,86.0,3.0,2.0,quận 5
4.399,86.0,2.0,2.0,quận 5
2.8,70.0,2.0,2.0,quận 5
1.53,70.0,2.0,2.0,quận 6
3.5,67.0,2.0,2.0,quận 6
4.85,90.0,2.0,2.0,quận 6
3.95,100.0,2.0,2.0,quận 6
1.285,86.0,2.0,2.0,quận 6
2.9,76.0,2.0,2.0,quận 6
2.9,81.0,2.0,2.0,quận 6
3.8,86.0,2.0,2.0,quận 6
1.6800000000000002,102.0,3.0,2.0,quận 6
2.1,65.0,2.0,2.0,quận 6
1.2,90.0,3.0,2.0,quận 6
1.37,102.0,3.0,2.0,quận 6
1.37,80.0,2.0,2.0,quận 6
1.54,74.0,2.0,2.0,quận 6
3.2,101.0,2.0,2.0,quận 6
3.25,83.0,2.0,2.0,quận 6
4.65,70.0,2.0,2.0,quận 6
1.69,65.0,2.0,2.0,quận 6
2.65,63.0,2.0,2.0,quận 6
1.06,65.0,2.0,2.0,quận 6
1.05,65.0,2.0,2.0,quận 6
1.05,65.0,2.0,2.0,quận 6
1.09,67.0,2.0,2.0,quận 6
1.06,60.0,2.0,2.0,quận 6
1.95,80.0,2.0,2.0,quận 6
1.65,95.0,2.0,2.0,quận 6
3.58,86.0,2.0,2.0,quận 6
3.85,97.0,2.0,2.0,quận 6
2.52,62.0,2.0,2.0,quận 6
2.5,64.0,2.0,2.0,quận 6
3.7,90.0,3.0,2.0,quận 6
1.399,61.0,2.0,2.0,quận 6
1.775,75.0,2.0,2.0,quận 6
13.9,107.0,3.0,2.0,quận 7
6.6,70.0,2.0,2.0,quận 7
9.5,110.0,3.0,2.0,quận 7
6.8,82.0,2.0,2.0,quận 7
6.6,70.0,2.0,2.0,quận 7
8.5,100.0,3.0,2.0,quận 7
5.2,65.0,2.0,2.0,quận 7
6.3,71.0,2.0,2.0,quận 7
0.017,80.0,2.0,2.0,quận 7
9.6,118.0,3.0,2.0,quận 7
6.8,82.0,2.0,2.0,quận 7
4.5,71.0,2.0,2.0,quận 7
6.799,82.0,2.0,2.0,quận 7
6.8,84.0,2.0,2.0,quận 7
7.9,79.0,2.0,2.0,quận 7
11.0,110.0,3.0,2.0,quận 7
12.0,110.0,3.0,2.0,quận 7
9.5,118.0,3.0,2.0,quận 7
12.0,115.0,3.0,2.0,quận 7
11.9,116.0,3.0,2.0,quận 7
11.8,120.0,3.0,2.0,quận 7
13.5,137.0,3.0,2.0,quận 7
12.5,130.0,3.0,2.0,quận 7
8.0,100.0,3.0,2.0,quận 7
1.705,68.0,2.0,2.0,quận 7
12.5,123.0,3.0,2.0,quận 7
1.77,91.0,3.0,2.0,quận 8
1.79,117.0,3.0,2.0,quận 8
1.88,74.0,2.0,2.0,quận 8
1.72,67.0,2.0,2.0,quận 8
1.485,85.0,3.0,2.0,quận 8
1.847,75.0,2.0,2.0,quận 8
2.145,100.0,3.0,2.0,quận 8
1.285,92.0,3.0,2.0,quận 8
3.05,92.0,3.0,2.0,quận 8
2.3,74.0,2.0,2.0,quận 8
2.445,74.0,2.0,2.0,quận 8
2.2,74.0,2.0,2.0,quận 8
1.95,74.0,2.0,2.0,quận 8
1.335,60.0,2.0,2.0,quận 8
3.55,81.0,2.0,2.0,quận 8
3.5,83.0,2.0,2.0,quận 8
3.35,86.0,2.0,2.0,quận 8
4.2,106.0,2.0,2.0,quận 8
3.5,83.0,2.0,2.0,quận 8
4.45,115.0,2.0,2.0,quận 8
3.4,78.0,2.0,2.0,quận 8
3.8,90.0,3.0,2.0,quận 8
4.5,115.0,2.0,2.0,quận 8
4.7,115.0,2.0,2.0,quận 8
4.4,115.0,2.0,2.0,quận 8
4.35,115.0,2.0,2.0,quận 8
4.5,115.0,2.0,2.0,quận 8
5.4,150.0,3.0,2.0,quận 8
6.0,150.0,3.0,2.0,quận 8
4.5,115.0,2.0,2.0,quận 8
3.65,78.0,2.0,2.0,quận 8
4.4,115.0,2.0,2.0,quận 8
5.7,150.0,3.0,2.0,quận 8
5.5,150.0,3.0,2.0,quận 8
4.4,110.0,2.0,2.0,quận 8
3.7,82.0,2.0,2.0,quận 8
3.7,110.0,3.0,2.0,quận 8
3.8,82.0,2.0,2.0,quận 8
4.5,115.0,2.0,2.0,quận 8
6.2,150.0,3.0,2.0,quận 8
4.7,115.0,2.0,2.0,quận 8
4.65,115.0,2.0,2.0,quận 8
4.6,110.0,3.0,2.0,quận 8
5.75,150.0,3.0,2.0,quận 8
5.7,150.0,3.0,2.0,quận 8
1.55,85.0,3.0,2.0,quận 8
1.18,79.0,2.0,2.0,quận 8
1.45,70.0,2.0,2.0,quận 8
1.38,73.0,2.0,2.0,quận 8
1.65,71.0,2.0,2.0,quận 8
1.86,68.0,2.0,2.0,quận 8
1.18,75.0,2.0,2.0,quận 8
1.15,95.0,3.0,2.0,quận 8
1.72,73.0,2.0,2.0,quận 8
1.19,66.0,3.0,2.0,quận 8
1.49,95.0,3.0,2.0,quận 8
1.43,79.0,2.0,2.0,quận 8
3.6,79.0,2.0,2.0,quận 8
1.37,64.0,2.0,2.0,quận 9
3.5,68.0,2.0,2.0,quận 9
2.485,100.0,3.0,2.0,quận 9
2.75,72.0,2.0,2.0,quận 9
4.574,63.4,2.0,2.0,quận 9
2.35,59.0,2.0,2.0,quận 9
3.2,72.0,2.0,2.0,quận 9
3.15,73.0,2.0,2.0,quận 9
3.5,50.0,2.0,2.0,quận 9
4.3,112.0,3.0,2.0,quận 9
3.08,70.0,3.0,2.0,quận 9
1.125,59.0,2.0,2.0,quận 9
1.28,60.0,2.0,2.0,quận 9
1.86,50.0,2.0,2.0,quận 9
2.18,79.0,2.0,2.0,quận 9
1.6800000000000002,60.0,2.0,2.0,quận 9
2.65,67.0,2.0,2.0,quận 9
3.2,70.0,3.0,2.0,quận 9
1.999,56.0,2.0,2.0,quận 9
1.82,78.0,2.0,2.0,quận 10
3.85,85.0,2.0,2.0,quận 10
0.946,49.0,2.0,2.0,quận 10
1.305,60.5,2.0,2.0,quận 10
6.8,91.0,2.0,2.0,quận 10
5.0,73.0,2.0,2.0,quận 10
6.4,86.0,2.0,2.0,quận 10
6.1,86.0,2.0,2.0,quận 10
5.3,73.0,2.0,2.0,quận 10
4.5,60.0,2.0,2.0,quận 10
4.9,72.0,2.0,2.0,quận 10
5.27,73.0,2.0,2.0,quận 10
5.3,100.0,2.0,2.0,quận 10
5.0,101.0,3.0,2.0,quận 10
3.75,80.0,2.0,2.0,quận 10
7.2,108.0,2.0,2.0,quận 10
6.1,86.0,2.0,2.0,quận 10
5.15,73.0,2.0,2.0,quận 10
5.6,79.0,2.0,2.0,quận 10
6.7,86.0,2.0,2.0,quận 10
8.0,103.0,3.0,2.0,quận 10
5.15,73.0,2.0,2.0,quận 10
6.45,73.0,2.0,2.0,quận 10
7.88,108.0,3.0,2.0,quận 10
5.9,86.0,2.0,2.0,quận 10
5.9,108.0,2.0,2.0,quận 10
6.95,108.0,3.0,2.0,quận 10
6.5,86.0,2.0,2.0,quận 10
7.2,108.0,3.0,2.0,quận 10
7.7,103.0,3.0,2.0,quận 10
6.8,86.0,2.0,2.0,quận 10
4.7,71.0,2.0,2.0,quận 10
4.95,73.0,2.0,2.0,quận 10
5.8,86.0,2.0,2.0,quận 10
6.35,86.0,2.0,2.0,quận 10
6.05,86.0,2.0,2.0,quận 10
6.7,86.0,2.0,2.0,quận 10
5.0,78.0,2.0,2.0,quận 10
5.5,78.0,2.0,2.0,quận 10
5.8,72.0,2.0,2.0,quận 10
7.0,102.0,3.0,2.0,quận 10
5.0,79.0,2.0,2.0,quận 10
6.7,86.0,2.0,2.0,quận 10
5.15,73.0,2.0,2.0,quận 10
4.4,61.0,2.0,2.0,quận 10
6.65,86.0,2.0,2.0,quận 10
8.3,104.0,2.0,2.0,quận 10
7.3,86.0,2.0,2.0,quận 10
8.36,107.0,2.0,2.0,quận 10
5.0,79.0,2.0,2.0,quận 10
13.0,139.0,4.0,2.0,quận 10
8.0,108.0,3.0,2.0,quận 10
8.6,108.0,3.0,2.0,quận 10
8.0,107.0,3.0,2.0,quận 10
5.2,100.0,2.0,2.0,quận 10
3.8,80.0,2.0,2.0,quận 10
3.925,87.0,2.0,2.0,bình thạnh
1.405,70.0,2.0,2.0,bình thạnh
3.125,86.0,2.0,2.0,bình thạnh
3.12,90.0,2.0,2.0,bình thạnh
3.225,85.0,2.0,2.0,bình thạnh
3.805,106.0,3.0,2.0,bình thạnh
3.456,94.0,3.0,2.0,bình thạnh
4.158,83.0,2.0,2.0,bình thạnh
3.339,110.0,3.0,2.0,bình thạnh
3.205,126.0,3.0,2.0,bình thạnh
3.066,87.0,2.0,2.0,bình thạnh
3.165,80.0,2.0,2.0,bình thạnh
4.075,98.0,3.0,2.0,bình thạnh
3.35,75.0,2.0,2.0,bình thạnh
4.15,106.0,3.0,2.0,bình thạnh
3.99,70.0,2.0,2.0,bình thạnh
2.17,54.0,2.0,2.0,bình thạnh
2.2,55.0,2.0,2.0,bình thạnh
2.2,55.0,2.0,2.0,bình thạnh
2.0,50.0,2.0,2.0,bình thạnh
2.05,51.0,2.0,2.0,bình thạnh
1.96,49.0,2.0,2.0,bình thạnh
2.1,52.0,2.0,2.0,bình thạnh
2.05,51.0,2.0,2.0,bình thạnh
3.275,74.3,2.0,2.0,bình thạnh
1.36,67.0,2.0,2.0,bình thạnh
2.0,50.0,2.0,2.0,bình thạnh
2.5,62.0,2.0,2.0,bình thạnh
2.655,68.0,2.0,2.0,bình thạnh
1.665,72.0,2.0,2.0,bình thạnh
1.585,102.0,3.0,2.0,bình thạnh
3.56,98.0,2.0,2.0,bình thạnh
3.29,141.0,3.0,2.0,bình thạnh
2.6,67.0,2.0,2.0,bình thạnh
4.2,87.0,2.0,2.0,bình thạnh
2.7,60.0,2.0,2.0,bình thạnh
17.5,75.0,2.0,2.0,bình thạnh
15.2,110.0,2.0,2.0,bình thạnh
8.6,90.0,2.0,2.0,bình thạnh
2.0,58.0,2.0,2.0,bình thạnh
2.0,58.0,2.0,2.0,bình thạnh
16.8,106.0,2.0,2.0,bình thạnh
5.7,71.42,2.0,2.0,nhà bè
5.82,79.7,2.0,2.0,nhà bè
4.9,70.0,2.0,2.0,nhà bè
6.5,99.0,3.0,2.0,nhà bè
5.4,81.56,3.0,2.0,nhà bè
4.03,72.0,2.0,2.0,quận 7
4.8,65.3,2.0,2.0,nhà bè
5.2,71.32,2.0,2.0,nhà bè
7.2,105.0,1.0,2.0,nhà bè
4.6,70.0,2.0,2.0,nhà bè
3.4,70.0,2.0,2.0,nhà bè
4.9,95.0,3.0,2.0,nhà bè
6.9,95.0,2.0,2.0,nhà bè
4.1,75.0,2.0,2.0,nhà bè
3.6,71.42,2.0,2.0,nhà bè
3.5,74.77,2.0,2.0,nhà bè
4.5,75.0,2.0,2.0,nhà bè
7.16,86.57,3.0,2.0,quận 7
7.2,87.0,3.0,2.0,quận 7
6.5,94.81,3.0,2.0,quận 7
6.5,94.79,3.0,2.0,quận 7
6.5,95.28,3.0,2.0,quận 7
7.02,95.0,3.0,2.0,quận 7
5.3,66.57,2.0,2.0,quận 7
5.3,70.84,2.0,2.0,quận 7
5.3,74.0,2.0,2.0,quận 7
5.3,66.2,2.0,2.0,quận 7
5.3,72.7,2.0,2.0,quận 7
5.3,71.0,2.0,2.0,quận 7
5.3,77.4,2.0,2.0,quận 7
5.3,67.64,2.0,2.0,quận 7
5.3,75.3,2.0,2.0,quận 7
5.3,67.0,2.0,2.0,quận 7
5.3,70.0,2.0,2.0,quận 7
5.3,66.81,2.0,2.0,quận 7
5.3,70.0,2.0,2.0,quận 7
5.3,69.6,2.0,2.0,quận 7
5.3,66.57,2.0,2.0,quận 7
5.3,75.3,2.0,2.0,quận 7
5.39,66.82,2.0,2.0,quận 7
5.4,65.3,2.0,2.0,quận 7
5.49,70.0,2.0,2.0,quận 7
5.5,71.0,2.0,2.0,quận 7
5.4,67.2,2.0,2.0,quận 7
5.4,64.3,2.0,2.0,quận 7
5.4,66.2,2.0,2.0,quận 7
5.4,65.96,2.0,2.0,quận 7
5.4,68.0,2.0,2.0,quận 7
7.8,96.0,3.0,2.0,quận 2
8.9,96.0,3.0,2.0,quận 2
5.38,98.11,3.0,2.0,nhà bè
5.5,103.96,3.0,2.0,nhà bè
5.5,93.0,3.0,2.0,nhà bè
5.5,93.32,3.0,2.0,nhà bè
6.5,92.42,3.0,2.0,nhà bè
3.7,66.0,2.0,2.0,quận 7
4.95,86.0,3.0,2.0,quận 7
3.7,69.19,2.0,2.0,quận 7
3.5,66.0,2.0,2.0,quận 7
3.7,66.66,2.0,2.0,quận 7
3.7,66.66,2.0,2.0,quận 7
3.7,73.0,2.0,2.0,quận 7
3.7,73.49,2.0,2.0,quận 7
3.7,73.49,2.0,2.0,quận 7
3.7,73.49,2.0,2.0,quận 7
3.5,67.37,2.0,2.0,quận 7
3.9,74.0,2.0,2.0,quận 7
3.7,66.66,2.0,2.0,quận 7
3.7,66.66,2.0,2.0,quận 7
3.6,66.66,2.0,2.0,quận 7
3.7,69.19,2.0,2.0,quận 7
3.7,66.66,2.0,2.0,quận 7
3.7,66.66,2.0,2.0,quận 7
3.7,69.19,2.0,2.0,quận 7
3.7,67.61,2.0,2.0,quận 7
3.05,65.0,2.0,2.0,quận 2
3.05,60.0,2.0,2.0,quận 2
4.4,70.0,2.0,2.0,nhà bè
4.4,69.16,2.0,2.0,nhà bè
4.4,69.18,2.0,2.0,nhà bè
4.4,70.0,2.0,2.0,nhà bè
4.4,69.18,2.0,2.0,nhà bè
4.4,70.45,2.0,2.0,nhà bè
4.2,69.16,2.0,2.0,nhà bè
4.3,69.42,2.0,2.0,nhà bè
4.4,69.16,2.0,2.0,nhà bè
4.4,70.45,2.0,2.0,nhà bè
4.4,70.0,2.0,2.0,nhà bè
4.4,70.96,2.0,2.0,nhà bè
4.4,70.45,2.0,2.0,nhà bè
4.4,71.03,2.0,2.0,nhà bè
4.4,70.0,2.0,2.0,nhà bè
4.4,70.0,2.0,2.0,nhà bè
4.4,69.5,2.0,2.0,nhà bè
4.4,70.0,2.0,2.0,nhà bè
4.4,70.0,2.0,2.0,nhà bè
4.4,70.0,2.0,2.0,nhà bè
4.4,70.0,2.0,2.0,nhà bè
4.4,69.11,2.0,2.0,nhà bè
4.4,70.96,2.0,2.0,nhà bè
4.4,70.0,2.0,2.0,nhà bè
4.4,69.16,2.0,2.0,nhà bè
4.4,69.36,2.0,2.0,nhà bè
4.4,70.45,2.0,2.0,nhà bè
4.4,71.0,2.0,2.0,nhà bè
4.4,70.0,2.0,2.0,nhà bè
4.4,70.0,2.0,2.0,nhà bè
4.4,70.68,2.0,2.0,nhà bè
5.2,71.03,2.0,2.0,nhà bè
5.4,95.0,3.0,2.0,nhà bè
5.4,83.0,3.0,2.0,nhà bè
5.2,70.0,2.0,2.0,nhà bè
5.0,71.0,1.0,2.0,nhà bè
4.9,69.5,2.0,2.0,nhà bè
4.7,69.19,2.0,2.0,nhà bè
4.7,70.96,2.0,2.0,nhà bè
4.8,69.5,2.0,2.0,nhà bè
4.4,69.19,2.0,2.0,nhà bè
4.4,70.0,2.0,2.0,nhà bè
4.4,70.0,2.0,2.0,nhà bè
4.4,69.15,2.0,2.0,nhà bè
4.5,69.19,2.0,2.0,nhà bè
4.5,70.0,2.0,2.0,nhà bè
5.3,70.61,2.0,2.0,nhà bè
4.5,70.68,2.0,2.0,nhà bè
7.5,92.0,2.0,2.0,quận 7
5.3,83.42,3.0,2.0,nhà bè
2.39,59.0,2.0,2.0,bình chánh
9.6,86.0,3.0,2.0,quận 2
7.3,100.0,3.0,2.0,quận 9
2.2,60.0,2.0,2.0,quận 2
4.65,71.3,2.0,2.0,nhà bè
9.1,84.66,2.0,2.0,quận 2
9.5,88.0,2.0,2.0,quận 2
12.8,124.0,3.0,2.0,quận 2
7.5,71.42,2.0,2.0,nhà bè
21.0,105.0,3.0,2.0,quận 1
4.7,93.0,2.0,2.0,quận 9
5.7,108.0,3.0,2.0,quận 9
5.9,108.0,3.0,2.0,quận 9
17.5,69.0,2.0,2.0,quận 2
17.5,70.0,2.0,2.0,quận 2
18.0,102.0,3.0,2.0,quận 2
19.2,69.0,2.0,2.0,quận 2
17.5,83.0,2.0,2.0,quận 2
2.75,69.0,2.0,2.0,quận 9
15.9,102.0,2.0,2.0,quận 2
4.8,92.0,3.0,2.0,quận 9
3.5,82.0,3.0,2.0,quận 9
4.4,92.0,3.0,2.0,quận 9
4.6,92.0,3.0,2.0,quận 9
5.0,92.0,3.0,2.0,quận 9
4.85,92.0,3.0,2.0,quận 9
5.0,103.0,3.0,2.0,quận 9
5.0,103.0,3.0,2.0,quận 9
7.8,70.0,2.0,2.0,quận 2
8.8,112.0,3.0,2.0,quận 2
14.5,96.0,3.0,2.0,bình thạnh
15.6,86.0,2.0,2.0,quận 2
15.7,86.0,2.0,2.0,quận 2
12.75,83.6,2.0,2.0,quận 2
17.0,71.0,2.0,2.0,quận 2
2.75,69.0,2.0,2.0,quận 9
7.5,70.2,2.0,2.0,bình thạnh
8.6,76.8,2.0,2.0,bình thạnh
9.0,87.0,2.0,2.0,bình thạnh
5.5,73.0,2.0,2.0,quận 9
12.5,117.0,3.0,2.0,quận 2
14.7,137.0,3.0,2.0,quận 2
12.8,118.0,3.0,2.0,quận 2
21.5,77.0,2.0,2.0,quận 2
19.5,71.0,2.0,2.0,quận 2
20.6,80.0,2.0,2.0,quận 2
15.5,108.0,3.0,2.0,bình thạnh
15.9,108.0,3.0,2.0,bình thạnh
10.0,89.0,2.0,2.0,quận 2
15.0,85.37,2.0,2.0,quận 2
4.9,105.7,3.0,2.0,quận 9
14.0,115.0,3.0,2.0,bình thạnh
13.1,116.0,3.0,2.0,bình thạnh
10.8,112.0,2.0,2.0,quận 2
2.65,69.2,2.0,2.0,quận 9
14.0,108.7,3.0,2.0,bình thạnh
9.6,88.0,2.0,2.0,quận 2
3.1,69.0,2.0,2.0,quận 9
4.7,75.0,2.0,2.0,quận 9
3.9,67.4,2.0,2.0,quận 9
2.85,82.0,3.0,2.0,quận 9
3.8,71.45,2.0,2.0,quận 9
10.9,93.0,3.0,2.0,quận 2
2.75,69.0,2.0,2.0,quận 9
10.25,80.3,2.0,2.0,quận 2
9.0,75.84,2.0,2.0,quận 2
3.6,69.0,2.0,2.0,quận 9
4.65,67.32,2.0,2.0,quận 9
4.44,70.0,2.0,2.0,quận 7
4.3,67.0,2.0,2.0,tân phú
6.35,59.0,2.0,2.0,quận 2
7.1,65.0,2.0,2.0,quận 2
4.8,71.42,2.0,2.0,nhà bè
9.0,90.0,2.0,2.0,quận 2
13.8,117.0,3.0,2.0,quận 2
4.8,79.8,2.0,2.0,quận 9
12.0,103.4,3.0,2.0,quận 2
4.35,75.0,2.0,2.0,quận 9
4.35,74.0,2.0,2.0,quận 9
3.25,69.0,2.0,2.0,quận 9
3.28,69.0,2.0,2.0,quận 9
4.5,81.5,3.0,2.0,quận 9
4.2,74.15,2.0,2.0,quận 9
17.5,80.9,2.0,2.0,quận 2
11.11,80.0,2.0,2.0,bình thạnh
5.5,92.5,2.0,2.0,tân phú
5.4,92.0,3.0,2.0,quận 9
7.17,65.0,2.0,2.0,quận 2
7.35,69.0,2.0,2.0,quận 2
7.0,72.0,2.0,2.0,quận 2
9.18,100.0,3.0,2.0,quận 9
13.6,119.0,3.0,2.0,quận 2
9.2,90.0,2.0,2.0,quận 2
13.0,119.0,3.0,2.0,quận 2
10.0,98.0,2.0,2.0,quận 2
13.0,94.0,3.0,2.0,bình thạnh
12.2,95.0,3.0,2.0,bình thạnh
11.3,111.0,3.0,2.0,bình thạnh
13.2,116.0,3.0,2.0,bình thạnh
9.25,77.1,2.0,2.0,quận 2
11.9,108.7,3.0,2.0,bình thạnh
16.6,126.0,3.0,2.0,bình thạnh
13.9,114.4,3.0,2.0,bình thạnh
13.5,116.0,3.0,2.0,bình thạnh
13.5,100.0,3.0,2.0,bình thạnh
15.0,98.3,3.0,2.0,bình thạnh
9.8,75.0,2.0,2.0,quận 2
15.7,104.0,3.0,2.0,quận 2
9.71,71.67,2.0,2.0,quận 2
7.9,73.0,2.0,2.0,quận 2
11.8,119.0,3.0,2.0,quận 2
6.7,89.0,2.0,2.0,quận 2
10.8,112.0,2.0,2.0,quận 2
12.0,117.93,2.0,2.0,quận 2
6.0,68.0,2.0,2.0,quận 2
6.0,65.8,2.0,2.0,quận 2
13.5,109.0,2.0,2.0,bình thạnh
7.2,82.0,2.0,2.0,bình thạnh
10.8,116.0,3.0,2.0,bình thạnh
10.8,106.0,3.0,2.0,bình thạnh
11.3,108.0,3.0,2.0,bình thạnh
12.0,106.0,3.0,2.0,bình thạnh
13.1,123.0,3.0,2.0,bình thạnh
6.5,87.0,2.0,2.0,quận 2
11.8,117.0,3.0,2.0,quận 2
15.9,136.0,3.0,2.0,bình thạnh
2.95,69.0,2.0,2.0,quận 9
6.75,87.0,2.0,2.0,quận 2
2.48,67.0,2.0,2.0,quận 9
2.75,59.0,2.0,2.0,quận 9
2.88,65.5,2.0,2.0,quận 9
9.5,123.0,3.0,2.0,quận 2
10.0,106.0,3.0,2.0,quận 2
9.39,103.0,2.0,2.0,quận 2
9.5,110.0,3.0,2.0,quận 2
17.3,75.0,2.0,2.0,quận 2
17.8,79.0,2.0,2.0,quận 1
13.0,98.0,2.0,2.0,bình thạnh
2.8,61.4,2.0,2.0,quận 9
4.4,75.0,2.0,2.0,quận 9
3.9,82.0,3.0,2.0,quận 9
3.0,59.2,2.0,2.0,quận 9
2.78,59.0,2.0,2.0,quận 9
3.2,69.2,2.0,2.0,quận 9
2.7,59.2,2.0,2.0,quận 9
2.68,69.3,2.0,2.0,quận 9
2.9,59.0,2.0,2.0,quận 9
3.2,59.2,2.0,2.0,quận 9
4.5,82.3,3.0,2.0,quận 9
4.5,82.3,3.0,2.0,quận 9
8.0,80.0,2.0,2.0,bình thạnh
7.5,79.1,2.0,2.0,bình thạnh
2.75,70.0,2.0,2.0,quận 9
2.7,69.2,2.0,2.0,quận 9
2.7,69.0,2.0,2.0,quận 9
2.65,69.3,2.0,2.0,quận 9
3.99,72.0,2.0,2.0,quận 9
9.7,75.2,2.0,2.0,quận 2
4.65,71.42,2.0,2.0,nhà bè
8.05,74.0,2.0,2.0,quận 2
2.9,69.0,2.0,2.0,quận 9
4.3,63.0,2.0,2.0,quận 9
8.19,96.98,3.0,2.0,quận 9
5.56,71.89,2.0,2.0,quận 9
8.34,95.66,3.0,2.0,quận 9
5.4,71.86,2.0,2.0,quận 9
14.0,94.0,3.0,2.0,quận 1
4.28,70.61,2.0,2.0,quận 9
8.5,72.31,2.0,2.0,quận 9
6.7,72.86,2.0,2.0,quận 9
6.7,99.38,3.0,2.0,quận 9
7.5,99.0,3.0,2.0,quận 9
5.7,74.0,2.0,2.0,quận 9
3.2,69.0,2.0,2.0,quận 9
5.2,81.5,3.0,2.0,quận 9
2.55,67.6,2.0,2.0,quận 9
5.0,76.0,3.0,2.0,quận 9
2.75,69.0,2.0,2.0,quận 9
9.0,99.37,3.0,2.0,quận 9
5.2,70.0,2.0,2.0,quận 9
4.64,73.52,2.0,2.0,quận 9
4.3,71.67,2.0,2.0,quận 9
6.92,96.45,3.0,2.0,quận 9
2.85,69.0,2.0,2.0,quận 9
3.25,69.0,2.0,2.0,quận 9
3.1,69.2,2.0,2.0,quận 9
3.0,69.2,2.0,2.0,quận 9
4.35,93.0,2.0,2.0,quận 9
3.35,69.2,2.0,2.0,quận 9
4.85,70.62,2.0,2.0,quận 9
6.0,74.0,2.0,2.0,quận 9
4.0,74.39,2.0,2.0,quận 9
5.5,76.15,2.0,2.0,quận 9
5.2,67.32,2.0,2.0,quận 9
6.2,96.45,3.0,2.0,quận 9
4.52,74.4,2.0,2.0,quận 9
8.6,97.43,3.0,2.0,quận 9
4.5,71.67,2.0,2.0,quận 9
4.4,74.0,2.0,2.0,quận 9
7.78,97.0,3.0,2.0,quận 9
4.5,70.0,2.0,2.0,quận 9
4.1,71.67,2.0,2.0,quận 9
5.2,73.91,2.0,2.0,quận 9
5.02,72.05,2.0,2.0,quận 9
5.1,72.0,2.0,2.0,quận 9
5.0,74.68,2.0,2.0,quận 9
6.7,97.5,3.0,2.0,quận 9
15.0,84.0,2.0,2.0,quận 2
6.85,75.0,2.0,2.0,quận 2
4.5,73.93,2.0,2.0,quận 9
7.0,100.0,3.0,2.0,quận 9
5.3,67.0,2.0,2.0,quận 9
2.6,67.5,2.0,2.0,quận 9
4.4,67.6,2.0,2.0,quận 9
4.3,72.18,2.0,2.0,quận 9
5.5,74.36,2.0,2.0,quận 9
4.9,81.5,3.0,2.0,quận 9
4.5,93.0,3.0,2.0,quận 9
8.4,76.8,2.0,2.0,quận 2
8.5,75.4,2.0,2.0,quận 2
3.2,67.8,2.0,2.0,quận 9
13.0,94.0,2.0,2.0,quận 2
5.7,67.0,2.0,2.0,quận 9
3.5,82.4,3.0,2.0,quận 9
3.5,69.0,2.0,2.0,quận 9
3.09,81.3,3.0,2.0,quận 9
8.4,71.7,2.0,2.0,quận 2
4.15,74.0,2.0,2.0,quận 9
16.52,71.0,2.0,2.0,quận 2
18.0,80.0,2.0,2.0,quận 2
8.17,77.1,2.0,2.0,quận 2
10.8,96.4,3.0,2.0,quận 2
7.8,71.7,2.0,2.0,quận 2
7.0,71.7,2.0,2.0,quận 2
7.8,71.7,2.0,2.0,quận 2
7.5,74.2,2.0,2.0,quận 2
8.5,76.8,2.0,2.0,quận 2
8.4,72.6,2.0,2.0,quận 2
11.0,96.4,3.0,2.0,quận 2
8.8,72.6,2.0,2.0,quận 2
7.25,71.7,2.0,2.0,quận 2
7.8,71.7,2.0,2.0,quận 2
7.8,71.7,2.0,2.0,quận 2
3.91,89.12,3.0,2.0,thủ đức
4.2,80.0,3.0,2.0,thủ đức
3.59,80.0,3.0,2.0,thủ đức
5.0,103.6,3.0,2.0,quận 9
7.8,73.2,2.0,2.0,quận 2
8.5,73.2,2.0,2.0,quận 2
7.0,68.9,2.0,2.0,quận 2
8.0,73.2,2.0,2.0,quận 2
8.2,73.2,2.0,2.0,quận 2
11.5,95.3,3.0,2.0,quận 2
13.0,93.2,3.0,2.0,quận 2
8.7,71.7,2.0,2.0,quận 2
13.8,95.7,3.0,2.0,quận 2
8.7,71.7,2.0,2.0,quận 2
12.5,101.1,3.0,2.0,quận 2
12.9,95.7,3.0,2.0,quận 2
12.0,73.8,2.0,2.0,quận 2
9.8,71.7,2.0,2.0,quận 2
12.0,71.7,2.0,2.0,quận 2
8.6,77.1,2.0,2.0,quận 2
8.3,73.8,2.0,2.0,quận 2
11.0,93.2,3.0,2.0,quận 2
11.2,101.1,3.0,2.0,quận 2
8.3,76.2,2.0,2.0,quận 2
7.1,68.9,2.0,2.0,quận 2
3.52,58.9,2.0,2.0,quận 9
4.2,69.2,2.0,2.0,quận 9
4.85,103.6,3.0,2.0,quận 9
3.25,69.0,2.0,2.0,quận 9
3.0,59.2,2.0,2.0,quận 9
3.2,69.2,2.0,2.0,quận 9
4.35,69.5,2.0,2.0,quận 9
4.0,82.3,3.0,2.0,quận 9
3.05,69.0,2.0,2.0,quận 9
3.9,85.2,2.0,2.0,quận 9
3.4,62.5,2.0,2.0,quận 9
3.85,81.5,3.0,2.0,quận 9
3.9,82.0,3.0,2.0,quận 9
4.0,81.5,3.0,2.0,quận 9
20.0,70.0,2.0,2.0,quận 2
8.0,72.8,2.0,2.0,quận 2
9.0,76.2,2.0,2.0,quận 2
12.0,93.2,3.0,2.0,quận 2
8.5,71.7,2.0,2.0,quận 2
6.8,68.9,2.0,2.0,quận 2
7.5,73.2,2.0,2.0,quận 2
9.0,76.2,2.0,2.0,quận 2
8.4,73.1,2.0,2.0,quận 2
7.7,72.8,2.0,2.0,quận 2
7.2,68.9,2.0,2.0,quận 2
9.0,73.8,2.0,2.0,quận 2
8.4,76.2,2.0,2.0,quận 2
13.0,95.7,3.0,2.0,quận 2
7.8,73.2,2.0,2.0,quận 2
8.77,71.7,2.0,2.0,quận 2
10.0,97.45,3.0,2.0,quận 9
5.9,97.5,3.0,2.0,quận 9
5.1,70.6,2.0,2.0,quận 9
4.89,73.88,2.0,2.0,quận 9
19.7,80.0,2.0,2.0,quận 2
2.3,74.0,2.0,2.0,nhà bè
7.25,74.2,2.0,2.0,quận 2
7.2,72.6,2.0,2.0,quận 2
8.6,75.0,2.0,2.0,quận 2
8.0,74.2,2.0,2.0,quận 2
7.4,74.2,2.0,2.0,quận 2
8.8,76.8,2.0,2.0,quận 2
7.8,76.8,2.0,2.0,quận 2
12.8,96.4,3.0,2.0,quận 2
16.0,95.6,3.0,2.0,quận 2
7.8,75.4,2.0,2.0,quận 2
9.9,75.0,2.0,2.0,quận 2
12.5,96.4,3.0,2.0,quận 2
10.1,95.6,3.0,2.0,quận 2
9.0,76.8,2.0,2.0,quận 2
8.7,75.4,2.0,2.0,quận 2
7.2,81.5,2.0,2.0,quận 4
3.5,81.3,3.0,2.0,quận 9
2.8,74.0,2.0,2.0,quận 8
3.3,81.3,3.0,2.0,quận 9
2.4,70.1,2.0,2.0,quận 9
2.9,70.0,2.0,2.0,quận 9
3.3,69.4,2.0,2.0,quận 9
2.6,59.0,2.0,2.0,quận 9
3.4,81.7,3.0,2.0,quận 9
2.6,69.0,2.0,2.0,quận 9
7.3,99.37,3.0,2.0,quận 9
9.3,74.0,2.0,2.0,quận 2
6.4,64.6,2.0,2.0,quận 2
2.3,61.5,2.0,2.0,quận 9
2.85,69.3,2.0,2.0,quận 9
2.7,67.0,2.0,2.0,quận 9
2.75,69.0,2.0,2.0,quận 9
2.68,69.2,2.0,2.0,quận 9
2.9,69.2,2.0,2.0,quận 9
2.8,69.0,2.0,2.0,quận 9
2.7,69.4,2.0,2.0,quận 9
3.1,70.0,2.0,2.0,quận 9
2.65,69.0,2.0,2.0,quận 9
2.3,67.6,2.0,2.0,quận 9
2.8,67.6,2.0,2.0,quận 9
2.55,69.0,2.0,2.0,quận 9
3.97,78.9,2.0,2.0,quận 9
3.3,81.7,3.0,2.0,quận 9
2.85,69.3,2.0,2.0,quận 9
2.8,69.4,2.0,2.0,quận 9
3.0,69.0,3.0,2.0,quận 9
2.9,67.8,2.0,2.0,quận 9
2.86,69.2,2.0,2.0,quận 9
2.8,69.0,2.0,2.0,quận 9
20.0,104.0,2.0,2.0,quận 1
18.0,70.57,2.0,2.0,quận 2
15.0,83.0,2.0,2.0,quận 2
3.0,66.5,2.0,2.0,quận 9
20.0,127.03,3.0,2.0,quận 2
5.4,72.0,2.0,2.0,quận 2
3.4,69.0,2.0,2.0,quận 9
3.0,69.3,2.0,2.0,quận 9
2.8,68.0,2.0,2.0,quận 9
2.4,61.5,2.0,2.0,quận 9
2.85,67.5,2.0,2.0,quận 9
2.7,69.0,2.0,2.0,quận 9
2.9,69.4,2.0,2.0,quận 9
2.58,58.9,2.0,2.0,quận 9
8.8,102.0,2.0,2.0,quận 2
3.2,69.2,2.0,2.0,quận 9
2.5,67.6,2.0,2.0,quận 9
2.8,67.0,2.0,2.0,nhà bè
3.31,81.7,3.0,2.0,quận 9
