title,price,area,bedrooms,bathrooms,address
"Giá 20,6 tỷ all in căn 1PN tầng cao full nội thất, có sẵn hợp đồng thuê - Grand Marina Sai Gon",20600,58.1,1,1,Quận 1
Grand Marina Saigon - Em chuyên săn những căn bán cắt lỗ (56m2-20tỷ) (87m2-30tỷ) (150m2-65tỷ),20000,56,1,1,Quận 1
"Sốc! CH 1PN Vinhomes Golden River view sông L81 thoáng cần bán giá 8,9 tỷ All In (TL) LH0903 147 ***",8900,51,1,1,Quận 1
Bason bán 1PN giá 9.5 tỷ bao thuế phí call0937 600 ***xem nhà 24/7,9500,50,1,1,Quận 1
"Căn Hộ 1PN The Marq Giá 10.2 Tỷ tại Nguyễn Đình Chiểu, Đa Kao, Q1, HCM. Zalo0938 839 ***",10200,48,1,1,Quận 1
"Lumiere Riverside em chuyên săn những căn giá gốc cắt lỗ (52m2-8,5tỷ) (77m2-10,5 tỷ) (101m2-15tỷ)",8500,52,1,1,Quận 2
Nắm full giỏ hàng đang bán tại Empire City 1PN-2PN-3PN-4PN mới nhất. Cam kết giá rẻ nhất thị trường,13700,64,1,1,Quận 2
"Giỏ hàng Estella Heights 1PN, 2PN, 3PN, 4PN, duplex, penthouse, NH hỗ trợ vay 80%. PKD0919 869 ***",7300,60,1,1,Quận 2
Em là Hạnh chuyên phân phối giỏ hàng chuyển nhượng và giỏ hàng mới nhất của CĐT dự án Eaton Park,7000,55,1,0,Quận 2
"Bán căn hộ CC The River Thủ Thiêm T11 1PN 11.3tỷ (2PN 14,5tỷ) (3PN - 23.5tỷ) (4PN 45tỷ)(Pent 150tỷ)",11300,64,1,1,Quận 2
(Giỏ hàng 30 căn) Giá tốt nhất - căn hộ Galleria Residence - Metropole,12000,50,1,1,Quận 2
"Suất ngoại giao chiết khấu 22% căn hộ Masteri Park Place CT5, chọn căn ưu tiên. LH trực tiếp CĐT",8000,81,1,1,Quận 2
"GALLERIA - EM CHUYÊN SĂN HÀNG RẺ NHẤT: 1PN, 2PN, 3PN, 4PN - (50m2-12tỷ) (70m2-18tỷ) (100m2-20tỷ)...",12000,50,1,1,Quận 2
Độc quyền bán 1PN Galleria - Tầng cao - View sông - Căn góc - Nhà mới 100%,13500,50,1,1,Quận 2
Bảng giá 11/2025 bán căn hộ Victoria Village cập nhật mới nhất,4200,52,1,0,Quận 2
"Bán căn hộ 1 PN Lexington 49 m2, giá 3,8 tỷ, giá tốt nhất, LH0835 558 ***",3800,49,1,1,Quận 2
"Tin thật 100% - Cập nhật list căn hộ Đảo Kim Cương T11/2025, thiết kế hiện đại đủ loại hình căn hộ",4350,48,1,1,Quận 2
"Bán căn hộ 1 phòng ngủ giá 6,3 tỷ BAO HẾT tốt nhất hiện nay - Masteri AN PHÚ - layout đẹp",6300,52,1,1,Quận 2
"Mặt tiền Song Hành, Xa Lộ Hà Nội, Quận 2. DT ~20x35m. CTXD: 50 tầng. Giá: 180 tỷ, khu cao ốc",180000,500,1,1,Quận 2
"Chỉ TT 2 tỷ sở hữu căn hộ ngay trung tâm Quận 2, 1PN giá 6,9 tỷ hỗ trợ lãi suất 2028 nhận nhà",6900,54.8,1,1,Quận 2
"Độc quyền căn văn phòng Lexington Quận 2, sẵn hợp đồng thuê dài hạn, tỷ suất cao",4300,65,1,0,Quận 2
Bán căn hộ Võ Văn Kiệt 40m2 1 phòng ngủ giá chỉ 1 tỷ 250 triệu,1250,20,1,1,Quận 5
10 Căn giá gốc CDT D-HOMME rẻ hơn thị trường MUA TRỰC TIẾP TỪ CHỦ ĐẦU TƯ,3900,51,1,1,Quận 6
"Bán căn hộ tâm huyết tại Q7 Riverside, 1PN 2.99 tỷ, 3PN 5 tỷ, có HĐMB. Thiện chí LH:0932 139 ***",2990,53,1,1,Quận 7
Căn duplex siêu đẹp 1pn+ 50m2 nhận nhà ở ngay giá cực rẻ từ chủ đầu tư ascent lakeside quận 7,2670,50,1,1,Quận 7
"Bán CC 1PN, 1WC tại Nguyễn Văn Linh, Tân Thuận Tây, Q7, HCM giá ưu đãi 51 triệu / m2",2550,50,1,1,Quận 7
"Căn hộ 1PN 50,52m² nội thất cơ bản Giá 2,9 tỷ mặt tiền Nguyễn Văn Linh, Quận 7",2900,53.68,1,1,Quận 7
"Căn hộ 1PN 53m² chỉ 2,7 tỷ | Cho thuê 12tr 15tr/tháng | Trả chậm 36 tháng 0% lãi",2700,53,1,1,Quận 7
"Căn hộ 1 PN, 1PN+, duplex 50m2, giá rẻ tại trung tâm Quận 7 - thanh toán linh hoạt - nhận nhà ngay",2480,50,1,1,Quận 7
"Chính chủ bán căn MT Huỳnh Tấn Phát, Q7, DT 5x28m,6x25m, 9x23m, 8x35m, 10x40m, 12x34m, 20x50m",25000,200,1,1,Quận 7
"HÀNG HIẾM CĂN 1PN THE AURORA - DỰ ÁN MỚI NHẤT PHÚ MỸ HƯNG SẮP BÀN GIAO,chỉ 6ty2. Hotline0907 006 ***",6300,46,1,1,Quận 7
"Sở hữu căn hộ 1PN - 1WC view hồ giá chỉ 2,6 tỷ tại Ascent Lakeside Q7, HCM",2600,50,1,1,Quận 7
"Bán căn hộ Jamona Height. 1PN - 1WC, 55m2 nội thất cơ bản. Giá 3.6 tỷ. Đã có sổ hồng",3600,55,1,1,Quận 7
"Căn hộ 53m2 giá 2,5 tỷ. Chiết khấu khủng từ CĐT . Sở hữu lâu dài",2500,53,1,1,Quận 7
"GIỎ HÀNG CHUYỂN NHƯỢNG Q7 RIVERSIDE ĐÀO TRÍ THÁNG 11-HÀNG SẴN CÓ-1PN+ 3.190, 2PN 3.750, 2PN GÓC 4.1",3190,53,1,1,Quận 7
"Em Đảm cập nhật giỏ hàng D-Aqua 10/2025 1PN 49m2 3 tỷ, 54m2 2PN 3.35 tỷ, 68m2 4 tỷ.0906 435 ***",3000,49,1,1,Quận 8
GIỎ HÀNG NỘI BỘ 50 CĂN AURORA Q8 GIÁ ĐANG TĂNG THEO TIẾN ĐỘ 52m2 2ty300_ 68m2 2ty850_ 76m2_3ty1,2300,52,1,1,Quận 8
"Vinhomes Grand Park Origami S6 S10 giảm 30%,căn 1PN+ 2,19 tỷ, 2pn 2.9 tỷ, 2pn+ 70m2 3,4tỷ vườn Nhật",2280,48,1,1,Quận 9
ĐỘC QUYỀN GIỎ HÀNG GIÁ GỐC CĐT VÀ GIỎ HÀNG SANG NHƯỢNG GIÁ TỐT NHẤT MT EASTMARK CITY- VP TẠI DỰ ÁN,3000,65,1,1,Quận 9
"CHUYỂN NHƯỢNG MT EASTMARK GIÁ TỪ 3Tỷ,1PN-2PN-3PN. Booking CĐT Giá từ 50TR/m2,CK 5%, Hỗ trợ lãi 18Th",3000,65,1,1,Quận 9
"Giỏ hàng độc quyền Gamuda Land, giá tốt tại MT Eastmark City | 1PN 2PN 3PN chỉ từ 2,8xx tỷ | Sổ sẵn",2900,63,1,1,Quận 9
Chuyên giỏ hàng MT Eastmark City update 24/7,3000,65,1,1,Quận 9
Cấn Bán Gấp Studio 31m2 Sẵn sổ giá 1 tỷ 950 phân khu Origami,1950,31,1,1,Quận 9
"Bán căn 1PN+ Masteri Centre point 4 tỷ, căn 2PN giá 4,6 tỷ gồm VAT và PBT, hỗ trợ vay 80%",4000,54,1,1,Quận 9
"Một căn duy nhất! 1PN+ nội thất xịn, đang sẵn dòng tiền từ HĐ thuê, giá tốt nhất",2590,47,1,1,Quận 9
"Duy nhất căn góc 2pn2wc- 64m2, CC Thủ Thiêm Garden 269 Liên Phường, Phước Long B, q9, giá 3.2tỷ",3200,64,1,2,Quận 9
"Chuyên mua bán căn hộ Flora Kikyo, 1 + 1PN - 2PN đã có sổ, giá chỉ từ 3 tỷ 250 TL, hỗ trợ vay bank",3250,55,1,1,Quận 9
"Stu 34m2 ban công full nội thất , giá 2ty850 HĐMB khu cao cấp Beverly , tặng VF3 căn khác Stu Be6.",2850,34,1,1,Quận 9
"Bán CH Ricca Q9 liền kề Q2 lv Chính chủ 1PN,2PN,3PN giá từ 2Ty450. Sổ hồng riêng",2450,55,1,1,Quận 9
"Bán CC 1PN, 47m2 tại The Rainbow - Vinhomes Grand Park, 2,65 tỷ, Q9, HCM",2650,47,1,1,Quận 9
"Nhận booking ưu tiên chọn căn đẹp dự án MT EASTMARK CITY từ CĐT Gamuda Land, nhà sẵn sổ hồng",3100,63,1,1,Quận 9
"Cập nhật những căn hộ ""kẹt tiền bán gấp""ở Kingdom Q10: 1PN - 2PN - 3PN LH:0933 903 ***",7000,72.5,1,1,Quận 10
"1 Căn full thổ giáp QL1A ở An Phú Đông, chỉ 797 triệu còn thương lượng thêm",797,30,1,1,Quận 12
Căn hộ 1PN 1WC Mặt Tiền QL1A- 1 TỶ 3- Trả Trước 269 Triệu Sở Hữu Trọn Đời-Hỗ Trợ Vay 0 Lãi 2 Năm,1320,40,1,1,Bình Chánh
Giỏ hàng CHCC Kingston Residence cần bán officetel-2PN-3PN-4PN. Gọi ngay e:0935 204 ***sdt/zalo,3200,40,1,1,Phú Nhuận
"Cần bán nhanh nhiều officetel & CHCC Kingston.3.2 tỷ, 2pn-7.1 tỷ, 3pn-4pn. Liên hệ e:0934 977 ***",3200,40,1,1,Phú Nhuận
"Đã nhận sổ, cần bán gấp CH Privia: 51m2/1PN-3,290tỷ; 67m2/2PN-4,1tỷ; 83m2/3PN-5tỷ bao thuế phí.",3290,51,1,1,Bình Tân
"Còn 10 căn nhà hẻm 131 đường 26/3 Phường Bình Hưng Hoà, Quận Bình Tân (5mx10m - giá 4.2 tỷ)",4200,50,1,1,Bình Tân
"Giá 2.7 Tỷ căn hộ Republic Cộng Hòa 1PN/50m2, full nội thất view sân bay . LH0919 733 ***",2700,50.6,1,1,Tân Bình
"Republic Plaza 54m2, 1PN full nội thất siêu đẹp chỉ 2tỷ600tr LH E0797 799 ***",2600,52,1,1,Tân Bình
Chủ nhà cần bán CHCC Republic Plaza. 1pn - 2pn - 3pn. LH em:0379 944 ***call/zalo,2650,52,1,1,Tân Bình
Chuyển nhượng căn hộ Republic Plaza - 50m2/1PN giá 2.8 tỷ -0908 879 ***Tuấn,2800,50,1,1,Tân Bình
"Siêu hot, bán nhanh nhiều CHCC 5* tại Republic Plaza, chỉ từ 2,65 tỷ, LH em:0934 977 ***. View đẹp",2650,50,1,1,Tân Bình
PKD Vinhomes - giỏ căn độc quyền 1PN - 4PN giá siêu tốt tháng 11/2025 LH0922 565 ***,6400,48,1,1,Bình Thạnh
"Bán gấp CC 1PN + 1WC tại Vinhomes Central Park, 7,6 tỷ, 54m2, 2pn2wc 76m 8.8ty 3pn2wc 15ty full nt.",7600,54,1,1,Bình Thạnh
Cập nhật giỏ hàng giá tốt [1PN-từ 5tỷ7] [2PN-8Tỷ ] [3PN-11tỷ5] [4PN-18tỷ] Vinhomes Central Park BT,5900,52,1,1,Bình Thạnh
Rổ hàng Celadon City chuyển nhượng & cho thuê mới nhất tháng 11 - từ 3.61 tỷ - full phần mô tả,3610,53,1,1,Tân Phú
Dũng Mehomes luôn truyền tải thông tin chính xác ( 1Pn - 3.6 - 2Pn 4 tỷ 3Pn 6.65 Duplex 112m2 5.5 ),3600,53,1,1,Tân Phú
"Cập nhật giỏ hàng mới nhất T11/25 - Nam Gia Phát chuyên cung cấp các căn view đẹp, giá rẻ, full NT",2200,50,1,1,Nhà Bè
"Bán Nhà Xong . Cam Kết Thuê Lại 14tr/tháng Trong Hai Năm , Đối Với Căn 1PN+",3000,47,1,1,Nhà Bè
"Bán căn hộ - full nội thất liền kề Sunrise - Essensia - Phú Mỹ Hưng - chỉ thanh toán 20%, giá 3tỷ1",3100,47,1,1,Nhà Bè
Bán căn hộ dòng tiền 260tr/năm - full nội thất liền kề Celesta Rise - Phú Mỹ Hưng - 2PN - chỉ 3tỷ8,3800,56,1,1,Nhà Bè
Bán nhanh căn hộ The Park thanh toán trước 900 triệu gọi0943 330 ***,2250,52,1,1,Nhà Bè
Bán căn hộ The Park Residence 2PN 2.650 tỷ - 3.350 Tỷ -0904 133 ***,2350,52,1,1,Nhà Bè
"Lavita Charm bán OFF 1pn1wc 53m2, FULL NT 2.4t, VAY NGÂN HÀNG0932 139 ***",2400,53,1,1,Thủ Đức
"Duy nhất còn sót lại căn nhà 7m, 1 hầm 5 tầng - Chủ nhà cần bán gấp - Giá tốt nhất Vạn Phúc City",27500,120,1,5,Thủ Đức
"Bason 1PN 50m2, 2PN 79m2, 3PN 120m2 giá tốt nhất T11/2025 4PN 157m2 giá chỉ 59tỷ call0937 600 ***",11800,79,2,2,Quận 1
"The Marq căn hộ lõi trung tâm Q1 | Giỏ hàng bán update 03/11 | 1PN-9T, 2PN-13.5T, 3PN-23T, 4PN-34T",13500,77,2,2,Quận 1
BÁN CĂN HỘ CHUNG CƯ CAO CẤP THE MARQ - QUẬN 1 TRUNG TÂM TP.HCM,14800,66,2,2,Quận 1
Grand Marina Saigon SALE CHUYÊN DỰ ÁN BÁN (1PN - 22tỷ) (2PN - 32tỷ) (3PN - 56tỷ)0911 850 ***,31000,78,2,2,Quận 1
Em Hiệp chuyên bán căn hộ Grand Marina Saigon. Giỏ hàng trực tiếp chủ đầu tư và chuyển nhượng,33000,78,2,0,Quận 1
"Bán căn hộ chung cư 2PN, 1WC tại Soho Residence, Cô Giang, Q1, 6,7 tỷ, 52m2. Đang cho thuê 18trieu.",6700,52,2,1,Quận 1
Giỏ hàng 100 căn bán & cho thuê Grand Marina  Căn hộ hạng sang trung tâm Quận 1 - Chỉ từ 22 tỷ,22000,63,2,2,Quận 1
Tổng hợp căn đẹp giá tốt nhất tại dự án The Grand Manhattan Q1 - Hỗ trợ trực tiếp từ chủ đầu tư,10500,68.25,2,0,Quận 1
GIỎ HÀNG CĂN HỘ MASTERI THẢO ĐIỀN 2PN TỪ 7 TỶ SỔ HỒNG CÔNG CHỨNG NGAY0911 850 ***,7000,63.5,2,2,Quận 2
"Tin giá thật - Em Hiệp chuyên bán căn hộ Lumiere Riverside, Quận 2. Đã có sổ hồng",10500,74.2,2,2,Quận 2
"Mở bán đợt 1 phân khu CT5 căn hộ hạng sang Masteri Park Place, CK lên đến 14%. LH:0975 467 ***",8000,80,2,2,Quận 2
The Prive bán nhanh căn 2PN 80m2 giá 8.4 tỷ có thuế vat và phí bảo trì tầng cao view đẹp giảm 10%,8400,80,2,2,Quận 2
"Bán căn hộ 2PN tháp T5 dự án Masteri Thảo Điền, hỗ trợ vay 80%. LH0936 721 ***Mr. Hoài",8500,78,2,0,Quận 2
Tổng hợp các căn view nhạc nước giá rẻ nhất thị trường tại The Park Place CT5 quỹ hàng F1 lớn nhất,8800,72,2,2,Quận 2
"Chuyển nhượng giá tốt - căn hộ 1PN, 2PN, 3PN - Eaton Park - Gamuda Land, Quận 2",11000,79,2,2,Quận 2
Huynh Hieu Land nắm nhiều căn Galleria rẻ hơn thị trường (1PN-13tỷ)(2PN-18.5tỷ)(3PN-20tỷ)(4PN-61tỷ),18500,107,2,2,Quận 2
"Nắm giỏ hàng độc quyền hơn 99 căn The Opera Metropole Thủ Thiêm đẹp nhất, giá tốt nhất thị trường",16900,83,2,2,Quận 2
Nắm full giỏ hàng bán tại Opera-Metropole 1PN-2PN-3PN-4PN mới nhất. Cam kết giá rẻ nhất thị trường,21000,80,2,2,Quận 2
Em Harry Hiếu Thổ địa Thủ Thiêm - Nắm tất cả những căn tốt dự án Opera - Căn 2PN lớn chỉ 27 tỷ,27000,100,2,2,Quận 2
"View Bitexco pháo hoa. Giá tốt nhất The Opera. Căn 2PN 24.6 tỷ, 69m2. Giữ pass xem nhà ngay",24600,69,2,2,Quận 2
Phòng kinh doanh Masteri update liên tục rổ hàng bán 2PN,6900,68,2,2,Quận 2
"Tin thật 100% - Cần bán nhanh giỏ hàng list căn hộ Đảo Kim Cương view sông cực đẹp, giá rẻ bất ngờ",7400,72,2,2,Quận 2
"Bán căn hộ 81m2 2PN2WC - Liền kề Thủ Thiêm, Quận 1, View Landmark 81, công viên & sông thoáng mát",8700,81,2,2,Quận 2
TỔNG HỢP CÁC CĂN HỘ 1-2-3-4-5 PN VÀ PENHOUSE ĐANG BÁN TẠI FELIZ EN VISTA,9300,85,2,2,Quận 2
"Em Dung rổ hàng trực tiếp CĐT Prive, ưu đãi sinh nhật tới 15.5%, thanh toán 425 triệu ký ngay HĐMB",8500,71,2,2,Quận 2
"Tin thật 100% - Giỏ hàng Estella Heights giá siêu rẻ T11/2025,thiết kế hiện đại đủ loại hình căn hộ",11800,89,2,2,Quận 2
Giỏ hàng đa dạng giá tốt CH Estella Heights - 1PN - 7.5 tỷ - 2PN 12 tỷ - 3Pn - 16.5 tỷ - Mua ngay,12000,89,2,2,Quận 2
"Bán CC đẹp, nhiều tiện ích tại Eaton Park, 10,3 tỷ, 74m2, 2PN, 2WC, Q2, HCM",10300,74,2,2,Quận 2
Đầy đủ hơn 100 căn giá tốt nhất Đảo Kim Cương- Cập nhật T11/2025 - Đủ tất cả loại căn - Hỗ trợ 24/7,8400,90,2,2,Quận 2
"Rổ hàng 20 căn độc quyền 2PN, 3PN view kênh đào nhạc nước siêu đẹp Masteri Park Place, CK 14%",7900,77,2,2,Quận 2
"Suất ngoại giao căn hộ CT5 - The Global City, chiết khấu 20%. Liên hệ trực tiếp CĐT",8000,80,2,0,Quận 2
"Bán căn 2PN giá tốt nhất The River Thủ Thiêm, 16,5 tỷ full, sổ hồng, view hồ bơi, nội thất CDT",16500,94,2,2,Quận 2
Giỏ hàng chuyển nhượng Zeit River 2 phòng ngủ và các căn 1 - 2 - 3 - 4PN. LH hotline0938 960 ***,18000,97,2,2,Quận 2
"GIỎ HÀNG CĂN PRECIA GIÁ TỐT: 1PN từ 3.5tỷ, 2PN 5,7tỷ, 3PN 7tỷ Giá tốt đầu tư và ở:0932 139 ***",5700,68,2,2,Quận 2
D'Edge Thảo Điền: Full giỏ hàng chuyển nhượng 1 - 2 - 3 - 4PN cập nhật T11/2025. Xem nhà 24/7,10000,94,2,2,Quận 2
"Bán căn 2PN 70m2 tại Lumiere Midtown-The Global City Chiết khấu lên đến 18%, LH0912 282 ***",9250,70,2,0,Quận 2
Eaton Park - rổ hàng chuyển nhượng giá tốt từ PKD CĐT Gamuda Land,10600,75,2,2,Quận 2
"Chuyển nhượng căn hộ 1PN 7,2 tỷ, căn 2PN 11 tỷ - Eaton Park - Gamuda Land, Quận 2 - giá tốt",11000,76,2,2,Quận 2
Opera - Bán nhanh 2PN view pháo hoa rẻ nhất thị trường - 24.8 tỷ all in LH0906 777 ***Lan Nguyễn,24800,70,2,2,Quận 2
"Bán CC An Lộc 2, Nguyễn Hoàng, 3,4 tỷ, 62m2, 2PN, 1WC, Q2, HCM (Chính chủ, có thương lượng) tầng 11",3400,62,2,1,Quận 2
"Bán căn hộ chung cư tại Victoria Village 4,25 tỷ 53m2 - 2PN 1WC; 5.05 tỷ - 2 PN 2wc, 3pn2wc 6.6 tỷ",4250,53,2,1,Quận 2
"Bán căn hộ 2PN - 3PN Paris Hoàng Kim Thủ Thiêm, Quận 2, CK 8% từ Chủ đầu tư, tặng 24th chỗ đậu OTO",6200,70,2,2,Quận 2
"One Verandah full giỏ hàng bán, 1PN - 6 tỷ, 2PN - 8.3 tỷ, 3PN - 10.8 tỷ, Duplex - 16 Tỷ - Lh Sinh",8300,80,2,2,Quận 2
Căn hộ & Shophouse Eaton Park Mai Chí Thọ Quận 2 chỉ thanh toán 10% đến lúc nhận nhà0938 700 ***,11500,72,2,0,Quận 2
Căn hộ Victoria Village quận 2 giá tốt nhất dự án,4900,65,2,2,Quận 2
"Bán căn hộ Lexington 2 PN 73 m2, giá từ 5,2 tỷ, 3PN 97-100m2 giá từ 6,4 tỷ nhà đẹp, hỗ trợ vay 75%",5200,73,2,2,Quận 2
"Tin thật 100% - Full giỏ hàng căn hộ Đảo Kim Cương update liên tục, giá cực rẻ từ 1-4PN-Duplex-Pent",7500,87,2,2,Quận 2
Tin thật 100% - Cập nhật list căn hộ đáng mua nhất 2025 tại The Estella giá cực tốt view cực đỉnh,9500,98,2,2,Quận 2
"Tin thật 100% - Full giỏ hàng căn hộ Feliz En Vista 1-4PN-Duplex-Pent T11/2025, giá siêu rẻ",8300,85,2,2,Quận 2
"Tin thật 100% - Cập nhật list căn hộ đáng mua nhất 2025 tại Vista Verde, giá cực tốt view cực đỉnh",7000,74,2,2,Quận 2
"Bán 300 căn hộ Lumière Midtown Quận 2 giá cam kết rẻ nhất thị trường, liên hệ ngay:0975 467 ***",7800,73,2,2,Quận 2
"Gía tốt nhất 2PN tại Đảo Kim Cương, sở hữu lâu dài (giá đã gồm thuế phí, còn thương lượng)",9900,91,2,2,Quận 2
(Hàng hiếm) Làm hàng xóm tỷ phú với căn hộ 2PN Sarica sẵn sổ VIP nhất KĐT Sala - Cộng đồng tinh anh,23000,107,2,2,Quận 2
Căn hộ 2pn giá tốt nhất quận 2 dự án Victoria Village,5200,65,2,2,Quận 2
"CƠ HỘI HIẾM CHỈ 9,2 tỷ SỞ HỮU NGAY CĂN HỘ 96m2, 3PN, 2WC, Q2, SẴN SỔ HỒNG , LAYOUT RỘNG , THOẢI MÁI",9200,96,2,2,Quận 2
"THIỆN CHÍ BÁN NHANH CĂN 2PN BAN CÔNG RỘNG 7,2TỶ ALL IN CÒN THƯƠNG LƯỢNG",7200,72,2,2,Quận 2
The River Thủ Thiêm - 2PN - 90m2 - Tầng cao - View Sala,17500,90,2,2,Quận 2
"Bán căn hộ 92m2 giá siêu hời tại Empire City Thủ Thiêm, 22 tỷ, 2PN, 2WC",22000,92,2,2,Quận 2
"Công ty Kashome - chuyên bán Tropic Garden - giỏ hàng 30 căn cực hot, cực đẹp",6900,88,2,0,Quận 2
Duy nhất 1 căn hộ góc Eaton Park 2 PN đẹp nhất dự án: ôm trọn view khu Thể thao Nam Rạch Chiếc,12300,75,2,2,Quận 2
Thổ địa Galleria Metropole: Top căn 2PN Galleria bán giá tốt tháng 11/2025,18500,107,2,2,Quận 2
The River 2PN 94m2 - Tầng cao view thoáng - 17.5 tỷ - Nhận nhà ở ngay,17500,94,2,2,Quận 2
Căn hộ Quận 2 giá chỉ từ 3tỷ gần KDT Phú Mỹ Hưng và kết nối tuyến Metro,3100,55,2,2,Quận 2
"Bán căn hộ cao ốc An Khang, Quận 2, TP. HCM. DT: 90m2, 2PN, sổ hồng, giá 6,2 tỷ",6200,90,2,2,Quận 2
"2PN/6,3 tỷ tại trung tâm Quận 2. Free PQL 24 tháng. Căn hộ đã bàn giao, nhận nhà ở ngay. Hỗ trợ vay",6600,71,2,2,Quận 2
"Với 2,4 tỷ (30% vốn) đầu tư 2PN 8,3 tỷ hàng hiếm tại The Global City Quận 2",8300,79,2,0,Quận 2
"Thanh toán sớm chỉ 8,8 tỷ(full VAT)-căn 2PN 77m2-căn hộ cao cấp 2 mặt sông Masteri Global City Q2",8800,77,2,2,Quận 2
"Sân nhà rộng rãi tại Vườn Chuối Q3 DT 47.15m2, 2PN 3WC, 3ty150 sổ hồng riêng hẻm 5m",3150,47.15,2,3,Quận 3
"Trực tiếp chủ đầu tư - Bán căn hộ Terra Royal Quận 3 - Đã có sổ - giá từ 5.5 tỷ, LH CĐT:0935 252 ***",5500,58,2,1,Quận 3
"Chuyên bán nhiều CHCC Terra Royal 2PN giá 6tỷ180,2pn-7.7tỷ, 3pn 8tỷ5. LH em qua sđt:0833 755 ***",7700,72,2,2,Quận 3
Giỏ hàng bán tại CHCC Terra royal q3 từ 2pn-3pn .LH em qua:0935 204 ***sdt /zalo,6500,58,2,1,Quận 3
"Chính chủ cần bán căn hộ Minh Châu tầng 8 - 2PN - 45m2 - hướng Đông Nam - 2,5 tỷ",2500,45,2,0,Quận 3
***GIỎ HÀNG BÁN SIÊU TỐT TẠI CHCC ĐẲNG CẤP TERRA ROYAL.2pn -3pn- 4pn .LH em:0379 944 ***sdt/ zalo,6200,58,2,1,Quận 3
"Bán nhà riêng 43m2, 7,9 tỷ, 2PN, 2WC, tại Cách Mạng Tháng Tám, Q3, HCM, đẹp, nhiều tiện ích",7900,43,2,2,Quận 3
"CHỦ cần bán gấp, giá cắt lỗ, chung cư Terra Royal, căn 58m2, 2PN, 1WC, full NT, giá 5,4 tỷ",5400,58,2,1,Quận 3
"Chỉ 1,89 tỷ - XD 24m2 - 3 tầng - 2PN - Cách Mạng Tháng Tám- Quận 3 - gần chợ Hoà Hưng- sát hẻm ô tô",1890,10,2,2,Quận 3
Căn góc 2PN Goldview MT Bến Vân Đồn view Bitexco giá 80tr/m2.Bank cho vay 70% miễn lãi.0962 781 ***,6640,83,2,2,Quận 4
Muốn mua 2PN 2WC Gold View Q4 giá rẻ nhất thị trường gọi số0933 600 ***Ms Vân,6200,82,2,2,Quận 4
Bán căn hộ Gold View DT:80m2; 2PN 2WC; View nhìn Sông; Nhà đẹp;Lầu cao: Giá 6.75 tỷ;LH:0972 443 ***,6750,80,2,2,Quận 4
Bán nhanh căn hộ 2PN 90m2 The Gold View ngay trung tâm view pháo hoa Bitexco,7500,90,2,2,Quận 4
"Bán căn hộ 2 phòng ngủ 2WC The Gold View Q4 full NT giá 7,2 tỷ view pháo hoa sông Q1 LH:0902 610 ***",7200,84,2,2,Quận 4
"Chuyên bán CH Saigon Royal officetel 2.6 tỷ, 1+PN 5.9 tỷ, 2PN 7.5 tỷ, 3PN 14 tỷ. LH:0908 103 ***",5900,60,2,1,Quận 4
"Bán CC The Gold View, 7,6 tỷ, 80m2, 2PN, 2WC, tại Bến Vân Đồn, Q4, HCM",7600,80,2,2,Quận 4
"Giỏ hàng bán CH Tresor: OT 3,3 tỷ, 1 + giá 6,8 tỷ, 2 PN giá 7.5 tỷ, 3 PN giá 9.85 - 12 tỷ. LH Dung",6800,65,2,1,Quận 4
"Chuyên bán giá tốt căn hộ Tresor officetel 2,8 tỷ | 1PN+1 6 tỷ | 2PN 6,2tỷ | 3PN 8,5 tỷ",6200,65,2,1,Quận 4
"Muốn mua Tresor giá tốt nhất phải gọi0939 009 ***: Studio/2.69tỷ, 1+1PN/6.3tỷ, 2PN/7.3tỷ, 3PN/8.29tỷ",6200,65,2,1,Quận 4
"Chuyên chuyển nhượng Tresor: Studio 2,9tỷ | 1PN+ 1: 6tỷ2 | 2PN: 6tỷ5 | 3PN 9tỷ2, LH:0901 995 ***",7370,75,2,2,Quận 4
"Nắm Full giỏ hàng độc quyền Delasol, Quận 4 1PN từ 7tỷx, 2PN/3PN từ 7tỷx-13tỷ(căn đẹp) all in",8200,76,2,2,Quận 4
"Chuyên bán căn hộ Copac Square Q4, DT 82m2 - 2PN - 2WC, giá từ 4.5 tỉ , LH0938 559 ***",4500,82,2,2,Quận 4
Cần bán căn hộ đẹp như hình. Giá bán 6 tỷ 850 bao hết thuế phí và 5% làm sổ hồng.,6850,81,2,2,Quận 4
Cập nhật 03/11 tất cả các căn DeLaSol đang bán sang nhượng. Giá tốt nhất. Trực dự án coi nhà 24/07,7900,75,2,2,Quận 4
"PKD chuyên bán giá tốt Saigon Royal. Officetel 3,5 tỷ, 1PN+ 6,6 tỷ, 2PN 8 tỷ, 3PN 15 tỷ",8000,82,2,2,Quận 4
"Chính chủ tôi bán căn hộ CC The Everrich Infinity, 2PN, 87m2, giá 8tỷ5, LH:0898 523 ***Như Ý",8500,87,2,2,Quận 5
"Bán căn hộ Q5, đã có sổ hồng, 40% nhận nhà ngay, TT 30 tháng, CK 13,8%, miễn gốc 2 năm0909 953 ***",11000,90,2,2,Quận 5
"Bán gấp căn hộ 60,5m2 2PN, lầu 4 chung cư mặt tiền đường Nguyễn Tri Phương, Phường 8, Quận 5, TPHCM",2450,60.5,2,1,Quận 5
"Bán CC 2PN, 70m2, 1,85 tỷ ở P13, Q5, HCM chỉ với hàng hiếm tại đây",1790,70,2,0,Quận 5
"Bán căn hộ chung cư 2PN, 1WC tại 208/1B Lương Nhữ Học, Chợ Lớn, 2,45 tỷ",2450,60,2,1,Quận 5
"Cần bán gấp căn hộ Everrich Infinity, Q. 5, 86m2, 2PN, 2wc ,Giá 9,3 tỷ, LH :0909 242 ***Sổ hồng",9300,86,2,2,Quận 5
"Bán căn hộ chung cư Cách Quận 1 500m. DT 90m2, 2PN, 2WC Sổ Hồng trao tay giá chỉ 12 tỷ",12000,90,2,2,Quận 5
"Siêu hot-cam kết giá thật bán chung cư D-Homme, DT: 70m2, 2PN, 2WC. Giá: 5.1 tỷ. LH0941 943 ***Thảo",5100,70,2,2,Quận 6
"Bán nhanh D - Homme 2PN view đẹp hướng Nam, nhà mới 100%, lầu đẹp giá chỉ 5,2 tỷ (102%)",5200,70,2,2,Quận 6
"Nắm giỏ hàng độc quyền hơn 99 căn hộ D-Homme Hồng Bàng đẹp nhất, giá tốt nhất thị trường",5200,70,2,2,Quận 6
"Bán căn hộ chung cư Him Lam Chợ Lớn, Q. 6, 84m2, 2PN 2WC. Giá thật 4.1 tỷ. Liên hệ0941 943 ***Thảo",4100,84,2,2,Quận 6
Cần bán căn hộ 2 phòng đến 3 phòng tại Western Capital mặt tiền Lý Chiêu Hoàng Q6,2500,50,2,1,Quận 6
"Q7 Boulevard, bán căn giá tốt, trung thực 1pn 2pn, 3pn, liên hệ chọn căn0939 720 ***",2400,57,2,1,Quận 7
Giỏ hàng S1 giá tốt 2PN 3PN 4PN Sunshine Sky City. Nhận booking V7 V8 V9 LH0989 272 ***em Thanh Anh,3700,72,2,2,Quận 7
"Sốc! Căn VPDN rẻ nhất toà S1 giá 3,7 tỷ. Chuyển nhượng S1,S2,S3,S4 Sunshine Sky City liền kề PMH",3700,70,2,2,Quận 7
"BQL bán Q7 Riverside 2PN 2WC giá 3.7 tỷ có NT thiện chí bán, có hợp đồng mua bán0939 720 ***",3700,67,2,2,Quận 7
Thanh toán 25% nhận nhà - Chiết khấu 4% và tặng 5 chỉ VÀNG khi booking căn hộ Sunshine Sky City Q7,4580,75,2,2,Quận 7
"Bán căn hộ Eco Green giá an cư và đầu tư tốt, loại 1-2-3PN tìm đúng căn theo nhu cầu0911 850 ***",5550,66,2,2,Quận 7
"Cty chuyên Eco Green đã 04 năm, VP tại dự án bán 1PN, 2PN1WC, 2PN2WC, 3PN2WC, 5,5 tỷ0932 139 ***",5500,66,2,2,Quận 7
BẠN CÓ NHU CẦU? ĐỪNG BỎ LỠ TÔI! GIỎ HÀNG CĂN HỘ ECO GREEN SAIGON RẺ NHẤT THỊ TRƯỜNG Q7,5680,65,2,2,Quận 7
"Giỏ hàng Sunrise City 1-2-3-4PN-penthouse giá tốt nhất | Ra nhanh căn 2PN 100m2 chỉ 8tỷ, lhe em Thư",8000,100,2,2,Quận 7
79 căn suất nội bộ - Tặng 300 triệu và Chiết khấu 18% khi booking căn hộ Sunshine Sky City Q7,3520,69,2,2,Quận 7
"Bán căn hộ full nội thất cao cấp ngay đại học RMIT, Tôn Đức Thắng",3800,66,2,2,Quận 7
"Bán CC Ascent Lakeside, 5,2 tỷ, 93m2, 2PN, 2WC, hàng hot uy tín",5200,93,2,2,Quận 7
"VIP - TẦNG CAO S1 A2 SỞ HỮU LÂU DÀI VIEW SÔNG TUYỆT ĐẸP 2PN - 2WC | 76m² | NTCB | Giá chỉ 5,6 TỶ TL",5600,76,2,2,Quận 7
CHUYÊN BÁN CĂN HỘ CHUNG CƯ THE INFINITI -PHÚ MỸ HƯNG | 2PN 82M CHỈ TỪ 7 TỶ | LIÊN HỆ PKD0899 121 ***,7000,82,2,2,Quận 7
"Chính chủ bán căn hộ Luxury Home, tầng trệt M2 - 08 Jamona City, giá 7,5 tỷ 181m2",7500,181,2,2,Quận 7
Chính chủ gửi bán gấp căn 2PN - 2WC rẻ hơn thị trường 300 triệu,3500,67,2,2,Quận 7
"Lavida Plus-đối diện Vivo Q7: 75m2 (2PN2WC)Tầng Đẹp,Đầy Đủ Nội Thất, View Sông, Giá 5.450Tỷ.",5450,75,2,2,Quận 7
"Bán nhanh căn 2PN Infiniti 94m2 chỉ 7,8 tỷ view thoáng, layout nhà rộng, giá hợp lý",7800,94,2,2,Quận 7
"Bán căn hộ Ehome 5 82m2, view cầu Phú Mỹ. Giá 4,48 tỷ. Hỗ trợ khách mua vay ngân hàng tối đa.",4480,82,2,2,Quận 7
"BÁN căn hộ 72m2 An Gia Skyline, giá 4,65 tỷ, 2 phòng ngủ. Sổ hồng sẵn, hỗ trợ vay ngân hàng.",4650,72,2,2,Quận 7
"Chính chủ nhà đang ở - cần bán 7,9 tỷ - Sunrise City - 2PN 2WC - 99m2",7900,99,2,2,Quận 7
"Chính chủ bán 2PN 2WC Q7 Riverside View Sông, An Gia giá 3,69 tỷ LH0931 832 ***A Bảo xem nhà",3690,66.66,2,2,Quận 7
"Bán CC Era Town Quận 7, 85m², 2PN, 3WC, NT đầy đủ giá chỉ 2.850 tỷ view sông thoáng mát",2850,85,2,3,Quận 7
"(Chú ý) căn hộ Florita giá tốt T10/2025. OT 2,4 tỷ. 2PN 4,5 tỷ. 3PN 5,6 tỷ. LH0921 055 ***Giang",4000,70,2,2,Quận 7
Q7 Boulevard 2PN 2WC 70m2 3.55 tỷ - 57m2 2PN 1WC 2.95 tỷ - Hợp đồng Mua Bán - Cập nhật 07/11/2025,3450,70,2,2,Quận 7
"Tin thật, nhà thật, 100m2, 2PN Sunrise City đáng mua nhất - 7.9 tỷ, xem nhà free - 24/7",7900,100,2,2,Quận 7
Căn góc Scenic Valley 1 cần bán gấp,7300,77,2,2,Quận 7
"Căn hộ giá rẻ tại Quận 7 - chỉ từ 49tr/m2 - thanh toán linh hoạt, chiết khấu lớn - nhận nhà ngay",2600,53,2,1,Quận 7
ECO GREEN Q7 - BÁN GẤP CĂN GÓC View 2 mặt kính đẹp toà mới 2PN2WC 70M2 - GIÁ 6TY3,6300,70.02,2,2,Quận 7
"Căn Hộ Ehome 5 - Trần Trọng Cung- Quận 7- 82m2 - 2Phòng Ngủ +2WC . Giá 4,550 tỷ. Lh0901 311 ***",4550,82,2,2,Quận 7
"NẮM TOÀN BỘ GIỎ HÀNG BÁN TẠI CHUNG CƯ CAO CẤP RIVER PANORAMA 2PN1WC-2PN2WC-3PN2WC GIÁ CHỈ 3,58 TỶ",3580,55,2,1,Quận 7
"Chuyên bán căn hộ Florita, Q7 - Officetel - 2PN - 3PN",4500,69,2,2,Quận 7
"Bán Căn hộ chung cư 97m2 tại Sunrise City, 7,95 tỷ, Q7, HCM",8000,97,2,2,Quận 7
"Bán Căn Hộ 2PN 2WC tại Sunrise City, 8 tỷ VND, 97m2, giá ưu đãi",8000,97,2,2,Quận 7
CẦN BÁN CĂN HỘ 2 PHÒNG NGỦ TẠI HƯNG PHÚC PREMIER  PHÚ MỸ HƯNG-Quận 7:,7600,79,2,2,Quận 7
"Bán căn hộ góc 86m2 có 2PN, 2WC và ô xe hầm tại chung cư cao cấp Midtown M8 - The Peak giá 10,2 tỷ",10200,86,2,2,Quận 7
Chuyển nhượng căn hộ Midtown view biệt thự tháng 11/2025 giá tốt từ 9 tỷ 450 đã bao gồm nội thất,9450,80.5,2,2,Quận 7
"Chính chủ bán căn hộ Đức Khải Q7, DT 85m2, 2PN - 2WC, full nội thất (Đông Nam). Giá 2,790 tỷ",2790,85,2,2,Quận 7
"PKD căn hộ Hoàng Anh Thanh Bình, Trang HATB0905 521 ***; tư vấn mua căn hộ giá tốt - an tâm, uy tín",2950,73,2,1,Quận 7
"Mua Sky Garden 81m² - 2PN 2WC chỉ 5 tỷ 69, nhận ngay hợp đồng thuê 27tr/tháng, có sổ hồng",5690,81,2,2,Quận 7
"Giá tốt bán Sunrise City 2PN - 5.35 tỷ, 76m2 - 1 căn duy nhất",5350,76,2,2,Quận 7
"Bán căn 2PN, 2WC, 75m2 Sunshine Sky, Q7, chỉ 5,5 tỷ, view sông, view đẹp nhất dự án",5500,75,2,2,Quận 7
Chủ nhà cần bán gấp căn hộ Sky Garden 2PN - giá 4tỷ150 - ngay bên cạnh RMIT - mua cho con đi học,4150,57,2,1,Quận 7
Căn hộ 2 phòng ngủ Sky Garden 3 Phú Mỹ Hưng | giá chỉ 4 tỷ 150 rẻ nhất thị trường!,4150,57,2,2,Quận 7
"Hot: Bán Căn hộ Hưng Phúc,78m2, 2PN, 2WC, Ban công dài full, lầu cao view villa đẹp yên tĩnh",7500,78,2,2,Quận 7
Chính Chủ cần bán gấp căn hộ 2PN 3.4 tỷ,3400,66.66,2,2,Quận 7
Bán căn hộ cao cấp Green Valley Phú Mỹ Hưng Block D lầu cao view thành phố,8500,88,2,2,Quận 7
Bán căn Midtown The Peak M8 - 2PN diện tích lớn,10300,98,2,2,Quận 7
"Bán gấp căn hộ Penhouse Garden PLaza 1, DT 150m2 full nội thất cao cấp, sổ hồng cầm tay. Giá 23tỷ",23000,150,2,2,Quận 7
"Cần bán căn hộ Conic Riverside, P7, Q8, Lầu 10, DT: 66,7m2, 2PN + 1 WC, giá bán: 3tỷ150",3150,66.7,2,1,Quận 8
"Chuyên bán CH Diamond Riverside căn 2 và 3 phòng ngủ, liên hệ xem nhà trực tiếp:0902 861 ***Trang",2650,73,2,2,Quận 8
"Hạ giá bán gấp giỏ hàng T11 DreamHome: 51m2 2pn1wc 2,1 tỷ-62m2 2pn2wc 2,35 tỷ-79m2 3pn2wc 2,82 tỷ",2350,62,2,2,Quận 8
"Bán CC Dream Home Palace, 2,190 tỷ, ( - 51m2, 2PN, 1WC ) Q8, HCM . ( - 62m2 2p2w giá 2,380 tỷ )",2190,51,2,1,Quận 8
Giỏ hàng giá thực - không đăng ảo - Topaz Elite Quận 8 - Tháng 11/2025 - Xem đúng căn đúng tầng,3350,60,2,2,Quận 8
Bán nhà mặt tiền 2392 Phạm Thế Hiển phường 6 Quận 8. Nhà nằm đối diện chung cư Green River,7500,77.4,2,2,Quận 8
Bảng giá căn hộ Diamond Riverside 2025 cần bán (cam kết không kê giá) LH:0936 496 ***Kim Dung,2650,74,2,2,Quận 8
HOT- Rổ hàng quý 4- Cập Nhật Mới -Căn 2pn 2wc- 66m2- Nhà sẵn sửa mới- Hỗ trợ Bank- Dọn Vào Ở NGAY,2990,66,2,2,Quận 8
"Tổng hợp rổ hàng tháng này - Dream Home Palace - 1.950tỷ/2PN, 2,7 tỷ/3PN. Nhà mới",2250,62,2,2,Quận 8
"Phòng kinh doanh CDT Vạn Thái - rổ hàng mua bán, cho thuê giá tốt nhất, uy tín LH0974 025 ***",3350,60,2,2,Quận 8
Elysian - Giỏ hàng độc quyền căn hộ Studio: 2.686 tỷ - 1PN: 3.350 tỷ - 2PN: 5.523 tỷ bao thuế phí,5520,77.27,2,2,Quận 9
Căn Hộ Giá Tốt Q.9 Cũ Giá Chỉ Từ 53tr/m2 Sổ Hồng Trao Tay Nhận Ngay Nhà Đẹp Do Gamudaland Phân Phối,4000,73.3,2,0,Quận 9
"Cắt lỗ 30% mà được trả tiến độ trong 2 năm, chỉ còn 5 căn cuối cùng ký trực tiếp Chủ Đầu Tư",2800,70,2,2,Quận 9
"SÀN CHUYÊN CHUYỂN NHƯỢNG MT EASTMARK CITY RỔ HÀNG 1PN GÍA 2.4 TỶ, 2PN 3.7 TỶ BOOKING CĐT CK NGAY 1%",2400,63,2,1,Quận 9
"Độc quyền giỏ hàng Origami view vườn Nhật giảm sốc 30%. 1PN + 2,3 tỷ 2PN 2.99 tỷ, TT giãn đến 480N",2900,60,2,2,Quận 9
(Cam kết đúng sự thật) căn hộ 2PN+ diện tích lớn nhất Vinhomes Grand Park,3950,79,2,2,Quận 9
"Giỏ hàng suất nội bộ trực tiếp CĐT Masterise Home: 1PN+ 3,2 tỷ| 2PN 3,9 tỷ rẻ hơn căn chuyển nhượng",3900,74,2,2,Quận 9
"HOT! Duy nhất căn 2PN+ Beverly Solari Đông Nam, giá rẻ chỉ 3.696tỷ. Nhận CK đếm 20.3%, gói NT 250tr",3600,70,2,2,Quận 9
"Bán 100 căn MT Eastmark City 63-100m2 từ 3tỷ sổ sẵn; Booking hàng CĐT Ckhấu 4%, tặng lãi suất 18th",3000,65,2,1,Quận 9
Cập nhật giá tốt nhất tháng 11/2025 phân khu Rainbow và Origami Vinhomes Grand Park không thuế phí,3000,60,2,2,Quận 9
"CĂN HỘ Origami VIEW Vườn Nhật S6-S10-2PN+:3,5tỷ-59m2-69m2. Vốn 400tr kí HDMB thanh toán 180 ngày",3500,59,2,2,Quận 9
Rổ hàng độc quyền tháng 11 cam kết giá tốt view đẹp hơn thị trường tại Vinhomes Grand Park,3120,59,2,2,Quận 9
"TỔNG HỢP NHỮNG CĂN ĐẸP NHẤT GIÁ SIÊU TỐT: 2PN chỉ 4,8 TỶ. 3PN chỉ 6.5 TỶ. 1PN chỉ 3.2 Tỷ",4800,68,2,2,Quận 9
C/S mới nhất T11/2025! Mua trực tiếp CĐT Gamuda! 1PN 2.36 tỷ - 2PN 4.9 tỷ - 3PN 6.81 tỷ,4900,68,2,2,Quận 9
"Rổ sỉ đợt 1 Elysian: 1PN-2PN-3PN, Penthouse. Giá từ 62tr/m2. Lịch thanh toán siêu giãn đến 11/2028",5100,80,2,2,Quận 9
Cam kết không báo giá ảo căn 2PN+ BS 3.571tỷ được chiết khấu 17.3% + 150tr nội thất + 8 chỉ vàng,3570,79,2,2,Quận 9
"TT 900tr nhận nhà, miễn gốc lãi 1.5năm- Căn hộ MT Eastmark Booking mở bán tháp đẹp nhất-Giá gốc CĐT",3500,74,2,2,Quận 9
"Chuyên bán Vinhomes Grand Park Stu/1.9tỷ, 1PN+ 2.5tỷ, 2PN/2.8tỷ, 2PN+/3,2T, 3PN/3.8tỷ giá tốt nhất",2450,47,2,1,Quận 9
"Căn hộ MT Eastmark 50tr/1m2 đã có SH, nhận nhà ngay, giá gốc được Gamuda Land phân phối chính thức",3100,63,2,1,Quận 9
(07/11/2025) MT Eastmark bàn giao ở ngay! Mua trực tiếp CĐT! 1PN+ 3.1 tỷ- 2PN 3.6 tỷ -3PN 4.45tỷ,3100,63,2,1,Quận 9
Rổ hàng ngoại giao CK cao dự án Elysian của CĐT Gamuda Land 2pn từ 4.99 tỷ,5760,80,2,2,Quận 9
"Siêu phẩm mới ra! OS109.07 -Opus One -Vinhomes Grand Park. 2PN -80m2 Tặng NT 280 tr, CK 12,5%.",6000,80,2,2,Quận 9
Mua trực tiếp chủ đầu tư căn Vinhomes Origami DT 69m2 2PN 2WC Giá 3.3 tỷ đơn giá 48 triệu/m2 góc,3300,69,2,2,Quận 9
"Bán 3 căn hộ Flora Kikyo 1PN +1, nhà đẹp, view đẹp, tin thật 100% LH:0938 718 ***Mrs Thanh",3250,55,2,2,Quận 9
Giỏ hàng CĐT căn hộ 9 View 2PN giá 2.8 tỷ nhận nhà ngay. LH0911 850 ***,2800,58,2,2,Quận 9
MT Eastmark Căn 1PN+ 3.1tỷ - 2PN 3.6 - 3PN 4.45 tỷ.Mua trực tiếp CĐT. Đã có sổ hồng.,3100,63,2,2,Quận 9
"SUẤT NGOẠI GIAO! CĂN 2PN,2WC - DT 75m2 CHỈ 4.25 TỶ (ĐÃ VAT+KPBT) TRẢ TIẾN ĐỘ, SẴN NỘI THẤT",4250,75,2,2,Quận 9
Giỏ hàng nội bộ Lumière Boulevard - Masteri Centre Point - độc quyền cam kết rẻ nhất thị trường,3450,54,2,1,Quận 9
"Quỹ căn đẹp 1-3 PN Opus One - Vinhomes Grand Park T11. CK 14%, tặng NT 500 tr, xe VF3 - Xem ngay",5540,80,2,2,Quận 9
"Vinhomes - View đẹp ngắm hoàng hôn Landmark81, Q7 Q1 Q2 - 2PN 1WC",2960,59,2,1,Quận 9
"Bán căn 2PN2WC 79m2 Full NT ở CC The Eastern, ngay vòng xoay Liên Phường Phú Hữu, Q9, giá rẻ 3.39tỷ",3390,79,2,2,Quận 9
"Chính chủ bán gấp căn hộ 2PN, 2WC 73m2 sổ sẵn giá 3,75 tỷ, sổ hồng sẵn, tầng đẹp, view đep",3750,73,2,2,Quận 9
"Căn 2PN 2wc DT 69m2 full NT ở CC Hausneo KDC Khang An Đỗ Xuân Hợp, Phú Hữu, sát Q2, giá 3.92 tỷ",3920,69,2,2,Quận 9
"CHÍNH THỨC MỞ BÁN CĂN HỘ ĐÃ CÓ SỔ HỒNG GIÁ GỐC TỪ GAMUDA LAND , MẶT TIỀN VÀNH ĐAI 3.",3250,65,2,2,Quận 9
"Cam kết giá thật 100%, căn góc 2PN 2WC 73m2 full NT chủ đang ở cực kì chất lượng 4,45 tỷ sổ sẵn",4450,73,2,2,Quận 9
Cập nhật giỏ hàng T10/25 Safira 2 - 3PN 1PN+ - 2PN full NT view sông 3.5 tỷ - 4.140 tỷ - 3PN 5.2 tỷ,4150,67,2,2,Quận 9
Giá tuyệt chủng căn góc 2PN+1 chỉ 4tỷ1 - đã có sổ hồng - tầng 22,4100,72.6,2,2,Quận 9
"Tài Phát Land Sàn chuyên Ricca Cập nhật thường xuyên bán CH Ricca 1PN, 2PN, 3PN sổ sẵn giá 2.5 tỷ",2500,56,2,1,Quận 9
"Mua ngay Căn hộ Quận 9 giá chỉ hơn 50TR, ngay Vành Đai 3, dự án MT Eastmark City, Trường Lưu,.",3900,73,2,2,Quận 9
"67m2, 2PN Origami hướng Đông Nam S6 lầu đẹp giá 3.35 tỷ bao hết nhà mới cứng",3350,67,2,0,Quận 9
"Bán CC 2pn2wc 67m2 Origami Vinhomes Grand Park, thanh toán 950tr công chứng, nhà sẵn",3400,67,2,2,Quận 9
"MT Eastmark City Căn hộ chung cư 3 mặt tiền, sổ sẵn vào ở ngay, cận kề Vành Đai 3, 65m2, giá 5x/m2",3150,65,2,1,Quận 9
"CĂN GÓC 2PN2WC+ FULL NỘI THẤT ĐẸP NHƯ HÌNH, SHR, GIÁ CHỈ 4 TỶ ALL IN",4000,72,2,2,Quận 9
Giỏ hàng độc quyền Vinhomes Grand Park Quận 9,4300,59,2,0,Quận 9
Độc quyền chỉ còn 7 căn 2PN suất ngoại giao mua trực tiếp CĐT: 51 triệu/m2 - Chiết khấu 500 triệu,3800,74,2,2,Quận 9
Quỹ 79 căn cắt lỗ sâu tại Vinhomes Grand Park giá rẻ hơn thị trường 100 - 200 triệu - LH0944 937 ***,2500,47,2,2,Quận 9
"Giỏ cực tốt Origami 2PN 2,8 tỷ, 2PN+ 69m2 3.3 tỷ nội khu mát, có sổ, trực diện hồ bơi",3300,69,2,2,Quận 9
"Căn góc 2PN 2WC 70m2 full NT chủ đang ở cực kì chất lượng 4,45 tỷ sổ sẵn LH :0567 897 ***",4550,70,2,2,Quận 9
"Bán căn hộ 2PN, 2WC view nhìn trực diện công viên Vinwonder tại Lumiere Boulevard, 5,3 tỷ, 74 m2",5300,74,2,2,Quận 9
"Căn góc 74m2 2PN 2WC giá chỉ 4,4 tỷ, nhà mới 100%",4400,74,2,2,Quận 9
"2PN tòa A - Hướng Đông Bắc - căn góc - giá 4 tỷ 350 all in - Lumiere Boulevard, nhận liền ở ngay",4350,72,2,2,Quận 9
"Elysian Gamudaland căn hộ cao cấp chỉ vào 5%, tiềm năng tăng giá mạnh mẽ theo hạ tầng Vành Đai 3",5440,80,2,2,Quận 9
"Giỏ hàng độc quyền các căn hộ view đẹp, thoáng nhất Hà Đô Centrosa có sổ",10470,86.9,2,2,Quận 10
"PKD giỏ hàng nhiều căn 1-3PN Hà Đô Centrosa Q10 có sổ, giá tốt đầu tư, bank hỗ trợ 70% giá trị căn",8800,86,2,2,Quận 10
"Rẻ nhất thị trường 2PN 2WC có sổ hồng khu đẹp tiện lợi 9,8 tỷ, nhà trống sẵn giao ngay,0933 626 ***",9800,87,2,2,Quận 10
"Giỏ hàng hơn 100 căn tại Hà Đô nhiều căn độc quyền - giá tốt nhất 1PN 6,3 tỷ 2PN 9,4 tỷ 3PN 12 tỷ",9300,87,2,2,Quận 10
Sở hữu ngay căn hộ 2PN 86m2 Hà Đô Quận 10 giá siêu tốt tháng 11,9800,86,2,2,Quận 10
"CĂN HỘ 2PN 87M  SỔ ĐỎ TRAO TAY  CHỈ 9,8 TỶ  FULL NỘI THẤT",9800,86,2,2,Quận 10
Bán nhanh căn hộ 2PN 87m2 - Nội thất sang trọng,10520,87,2,2,Quận 10
"Hợp đồng cho thuê 22 tr/tháng bán Hado Centrosa, Q10, 85m2, 2PN 3ty850 có sổ hồng",3850,85,2,2,Quận 10
"Bán căn 2PN (87m2) toà Orchid - nhà cơ bản, tầng đẹp, đã có sổ tại Hà Đô Centrosa. Sơn Minh Land",9700,87,2,2,Quận 10
"Bán căn hộ cao cấp Hà Đô Centrosa, đường 3/2, căn 2PN và 3PN, giá 9 tỷ, LH:0907 488 ***",9000,87,2,2,Quận 10
"Giỏ hàng 93 căn đã có sổ hồng,giá tốt hơn thị trường 500tr các căn hộ 1,2,3 PN, Kingdom 101 Quận 10",6600,79,2,2,Quận 10
"Chính chủ hạ giá sốc bán gấp căn MT Lạc Long Quân, P. 10, Quận 11 chỉ 16ty",16000,90.48,2,2,Quận 11
"Bán CC 2PN, 3,9 tỷ ở KDC An Sương, Nguyễn Văn Quá, Tân Hưng Thuận, Quận 12, HCM",3900,65,2,0,Quận 12
BÁN NHÀ SỔ ĐỎ KHU NAM LONG  AN PHÚ ĐÔNG - Q12,11000,102,2,2,Quận 12
"Hot: Giảm giá cực mạnh - giá siêu êm: 2PN - 50m2 bao sổ giá chỉ 2,45 tỷ",2450,50,2,2,Quận 12
"CH PROSPER - 65m2 - 2PN 2WC giá 2,75tỷ, 54m2 giá 2tỷ45",2750,65,2,2,Quận 12
Giá bán cập nhật mới nhất prosper 2PN 2WC DT 54m2 giá 2.5 tỷ/DT 65m2 giá 2.95 tỷ,2500,54,2,2,Quận 12
"Bán Ctl Tower 2PN - 2WC - 3,590 TỶ | 3PN - DT 86m2 - 4,1 tỷ - Đã có sổ - LH0902 676 ***",3590,71,2,2,Quận 12
"Bán CC PiCity High Park, 3,8 tỷ, 65m2, 2PN, 2WC, pháp lý đầy đủ tại Thạnh Xuân, Q12, HCM",3800,65,2,2,Quận 12
"Cần bán căn hộ MP678 (2PN 1WC) giá chỉ 3,62 tỷ view thoáng mát, sổ hồng riêng. LH:Linh0933 868 ***",36.2,58,2,1,Bình Chánh
"Bán căn 2PN, 2WC, 55m2 giá tốt đầu tư vốn chỉ 150tr",1400,55,2,2,Bình Chánh
"Quỹ căn bán CC Saigon Intela 2pn - 1.890tỷ, 3pn - 2.62tỷ, skyvila 128m - 3.45tỷ, LH em:0901 467 ***",1890,50,2,2,Bình Chánh
Căn hộ siêu rẻ 2PN (50m2 - 1tỷ870) - (55m2 - 1tỷ950) view đẹp,1870,50,2,2,Bình Chánh
Quỹ 50 căn hộ sổ hồng An Gia Westgate: 59m2-2.6 tỷ; 69m2-3.15 tỷ; 85m2-3.5 tỷ; 113m2-4.4 tỷ,2600,59,2,2,Bình Chánh
"Bán nhanh thu hồi vốn giỏ hàng đa dạng từ 59m2, 69m2, 85m2, 114m2 - chỉ 2tỷ600 sổ cầm tay",2600,59,2,2,Bình Chánh
Mizuki Park - Mở bán căn hộ cao cấp mua trực tiếp chủ đầu tư - View sông & kênh đào -LH:0932 661 ***,3900,61,2,1,Bình Chánh
Tổng hợp giỏ hàng căn hộ chung cư Mizuki Park giá tốt nhất thị trường chỉ từ 3.4 tỷ,4550,78,2,2,Bình Chánh
"CHỈ TỪ 3.9 TỶ CĂN HỘ CAO CẤP QUẬN 7 , MẶT TIỀN NGUYỄN VĂN LINH KHU MIZUKI PARK- TRẢ TRƯỚC CHỈ 600TR",3900,59.8,2,0,Bình Chánh
"Căn hộ trả trước 200tr trong 3 năm - Ngưng thanh toán trong 5 năm - Góp chỉ 3,5 triệu/ tháng",1300,60,2,2,Bình Chánh
"Cần bán căn hộ mặt tiền Nguyễn Văn Linh, Bình Chánh HQC Plaza",1070,55,2,2,Bình Chánh
"Thanh Lý Nhanh căn hộ 53m² Bình Chánh, mặt tiền Quốc lộ 1A, giá chỉ 1,5 tỷ",1500,53,2,2,Bình Chánh
"CĂn hộ 2 phòng ngủ giá phải chăng lại tiện vào trung tâm , thích hợp an cư hay đầu tư dài hạn",1700,50,2,2,Bình Chánh
"Căn hộ 2PN có sổ hồng mặt tiền đường Nguyễn Cửu Phú, trả góp 7tr/tháng. Giá chỉ 1 tỷ/căn",1000,45,2,1,Bình Chánh
"Giỏ hàng những căn giá tốt nhất tháng 11 - có sổ sẵn - giá 2,6 tỷ bao gồm tất cả",2600,59,2,2,Bình Chánh
Giỏ hàng gồm những căn giá tốt 11/2025.Chi tiết xem ở phần mô tả. Zalo/Call0785 236 ***Duy - An Gia,2650,59,2,2,Bình Chánh
"HOT HOT!CẦN BÁN CĂN HỘ WESTGATE AN GIA 2PN2WC ĐÃ SỔ - CHỈ VỚI 2,65 TỶ NHẬN NHÀ LIỀN TAY0914 922 ***",2650,59,2,2,Bình Chánh
Cần bán căn hộ West Gate 59m2 giá chỉ 2.580 tỷ (102%) đã bao sổ. Giỏ hàng tốt nhất tháng 10/2025,2580,59,2,2,Bình Chánh
"BQL Sài Gòn Mia bán căn hộ 1PN 2PN 3PN 3,4 tỷ - 4,7 tỷ full nội thất, LH BQL0935 375 ***",5000,78,2,2,Bình Chánh
Chủ nhà đi nước ngoài bán nhanh căn 69m2 giá tốt 3ty180. Lh xem nhà0785 236 ***- Duy An Gia,3180,69,2,2,Bình Chánh
"Bán căn hộ Trellia Cove Mizuki Park, diện tích 60m2 trực tiếp chủ đầu tư",3900,60,2,1,Bình Chánh
Chính chủ cần bán căn 78m2. Block MP678 Mizuki Park. Sổ hồng sẵn. LH0906 783 ***,4400,78,2,2,Bình Chánh
CK tối đa 14.5 %căn 2PN Trellia Cove |Mizuki Park T12 ký HĐMB,4600,73,2,2,Bình Chánh
"2PN 2WC 78m2 căn góc nội thất đẹp, tầng đẹp - 5.2 tỷ 07/11/2025 - Nhận ký gửi - Phân tích SG Mia",5200,78,2,2,Bình Chánh
"Bán CH Kingston, 70m2 6tỷ, 124m 3PN giá 11 tỷ Giá Thật 100% view Q1, sổ hồng chính chủ.0902 663 ***",6000,70,2,2,Phú Nhuận
"Bán CHCC Kingston Residence, 83m2 2PN 2WC giá 6tỷ9. 90m2 3PN 2Wc giá 8 tỷ 6 có sổ. LH0934 403 ***",6900,83,2,2,Phú Nhuận
"Bán CHCC Kingston Residence - Phú Nhuận. DT: 78m2, 2PN, 2WC. Giá: 6.5 tỷ. LH:0906 101 ***Vinh",6500,78,2,2,Phú Nhuận
"Cần bán nhanh căn hộ Akari 61m2 giá 3.690,căn 75m2 giá 4,1 tỷ, căn 100m2 giá 5.350 tỷ full NT",3690,61,2,1,Bình Tân
"Bán căn hộ Akari 2PN giá từ 3,2 tỷ - 4 tỷ, căn 3PN giá từ 4,6 tỷ - DT từ 100m2 - 121m2 dualkey",3200,56,2,1,Bình Tân
Bán căn hộ Akari City căn góc tầng cao View đẹp 2PN Sổ sẵn Giá tốt,4300,74,2,2,Bình Tân
Tổng hợp rổ hàng sang nhượng The Privia - Khang Điền - giá gốc - Rẻ nhất thị trường. LH:0906 662 ***,4100,68,2,2,Bình Tân
"Chuyên bán căn hộ The Privia Khang Điền, giỏ hàng đầy đủ view và tầng giá tốt nhất gặp chính chủ",4200,68,2,2,Bình Tân
"BÁN CĂN HỘ MOONLIGHT BOULEVARD 2pn ,3ty250 QUẬN BÌNH TÂN",3250,70,2,2,Bình Tân
"Cần bán căn hộ The Priva, Q. Bình Tân, 69m2, 2PN, 2WC, giá 4 tỷ, sổ hồng LH:0909 242 ***",4000,69,2,2,Bình Tân
"Chủ ngộp bán giá rẻ lỗ căn hộ 61m2, Akari City Nam Long giai đoạn 2, có sổ hồng vay NH lãi suất tốt",3700,61,2,1,Bình Tân
"Cần tiền mặt chủ bán ngộp lỗ rẻ căn hộ 2PN 61m2, Akari Nam Long, Võ Văn Kiệt Bình Tân, nhà mới 100%",3700,61,2,1,Bình Tân
"Bán lỗ gấp căn hộ 2PN 80m2 sổ hồng, Akari Nam Long giai đoạn 2, Bình Tân Võ Văn Kiệt, hỗ trợ vay NH",4500,80,2,2,Bình Tân
"Chủ ngộp cắt lỗ bán giá rẻ căn hộ 2PN 80m2, Akari Bình Tân, Nam Long giai đoạn mới, có sẵn sổ hồng",4500,80,2,2,Bình Tân
"Chủ ngộp bán gấp lỗ rẻ căn hộ Akari CĐT Nam Long, 2PN Góc 80m2 giai đoạn 2, sổ hồng hỗ trợ mua vay",4650,80,2,2,Bình Tân
"Chủ bán gấp giá rẻ căn hộ Akari Võ Văn Kiệt, Nam Long Bình Tân, 2PN 75m2 nhà mới giao, sẵn sổ hồng",4200,75,2,2,Bình Tân
"View Landmark 81 /CV Gia Định/48m/ 1,92tỷ /2PN/ sổ riêng /vay 80%/Full NT Cao Cấp /Thuê 15tr",1920,48,2,2,Gò Vấp
"Căn hộ 2PN 1,92 tỷ kế sân Bay view hồ bơi sổ sẵn full nội thất, vay 70%",1920,48,2,2,Gò Vấp
"Gò Vấp, CH đẹp 2 tỷ 15 / 2PN - sổ hồng riêng, hoàn thiện 100%, dọn ở ngay",2150,53,2,2,Gò Vấp
Bán Gấp CH 2PN-50m2 Phạm Văn Đồng - đã có Sổ -view đẹp ở ngay giá tốt nhất thị trường,2000,50,2,2,Gò Vấp
"(TIN THẬT)Căn hộ mới 50m2/2pn view hồ bơi ,2 tỷ,sổ hồng sẵn,Full NT.Nguyễn Thượng Hiền0794 818 ***",2000,50,2,2,Gò Vấp
CH gần Sân Bay đường Phạm Văn Đồng 2PN/1tỷ880 /sổ sẳn/ full nội thất O799.303.195 Ngọc,1880,47,2,2,Gò Vấp
"CH Lê Quang Định/ 2PN, 2WC 48m2 , Gò Vấp, 1,92 tỷ, Sổ Riêng / Vay 80% Thuê 15tr/tháng / CV Gia Định",1920,48,2,2,Gò Vấp
"View cầu Ba Son - CH góc 2PN (48m2) - mới 100%, hiện đại sổ sẵn, dọn ở ngay, vay 10 năm",1950,48,2,2,Gò Vấp
"Bán Nhà riêng tại Quang Trung, 2,6 tỷ, 25m2, 2PN, 1WC, Gò Vấp, HCM",2600,25,2,1,Gò Vấp
"Bán nhà 134/44 đường số 1, P.16 Gò Vấp, DTSD 5 x 15, KHU ĐẤT CAO K NGẬP; gần công viên Làng Hoa",7000,47,2,2,Gò Vấp
Chỉ 6.49 tỷ - 4.3x11m - 4 tầng - hẻm Đồng Đen - Trần Mai Ninh - gần Bảy Hiền - thông khu Bàu Cát,6490,45,2,2,Tân Bình
Bán nhà mới xây 3 tầng 2pn 3wc. Đúc bê tông Lạc Long Quân P11 Tân Bình giá 3 tỷ950 gần chợ Tân Bình,3950,21,2,3,Tân Bình
"Chính chủ- Bán gấp nhà Thích Minh Nguyệt, hẻm ô tô 5m, an ninh, yên tĩnh, nội bộ, khu vực sân bay",6700,38,2,2,Tân Bình
"Giỏ hàng CH chung cư Phúc Yên 3 (Hope Garden),sổ hồng sẵn 2PN-3PN giá chỉ từ 3,15 tỷ. LH0906 642 ***",3150,65,2,2,Tân Bình
"Bán căn hộ Cộng Hòa Plaza - sổ hồng - 2PN giá 4.8 tỷ, 3PN giá 5.9 tỷ, 4PN 7.7 tỷ -0908 879 ***Tuấn",4800,73,2,2,Tân Bình
"Cần bán gấp căn hộ Cộng Hòa Garden, view hồ bơi, đầy đủ nội thất, LH0948 032 ***xem nhà",3000,72,2,2,Tân Bình
"Cần bán căn hộ Cộng Hoà plaza.72m 2pn sổ hồng riêng 4,788tỷ. nhà đẹp lh0932 834 ***",4790,72,2,2,Tân Bình
Cập nhật T10 giỏ hàng giá tốt (1PN-5tỷ4) (2PN-8tỷ5 (3PN - 11tỷ5) (4PN - 18tỷ) Vinhomes Central Park,7990,83,2,2,Bình Thạnh
"Bán căn hộ Vinhomes Central Park 89m2 2PN view sông, nội thất cao cấp",8300,89,2,2,Bình Thạnh
"Bán gấp căn hộ 2PN - 87m2 tại Vinhomes Central Park, giá tốt nhất thị trường",8000,87,2,0,Bình Thạnh
Bán nhanh căn hộ 2 phòng ngủ Vinhomes Central Park 86m2 giá thương lượng,8000,86,2,2,Bình Thạnh
"Nắm 99% giỏ hàng bán Vinhomes Central Park từ 1PN=6,3 tỷ; 2PN=từ 8,3 tỷ; 3PN=12,5 tỷ; 4PN= 18 tỷ",8300,82,2,2,Bình Thạnh
"Chính chủ cần bán căn góc toà park 7 2PN, view thành phố ,diện tích 86m2",12800,86,2,2,Bình Thạnh
"Căn hộ Bình Thạnh (Nhà Mới_Nội Thất đẹp) - giá 2 tỷ/2PN/ sổ sẵn, nhận nhà liền.0799 303 ***Ngọc",2000,50,2,0,Bình Thạnh
"Bán căn hộ đẹp 2PN 2WC tại Vinhomes Central Park, 8Tỷ1 tỷ, 83 m2, nhiều tiện ích",8100,88,2,2,Bình Thạnh
"Bán CC 82m2 tại Vinhomes Central Park, 8,9 tỷ, Bình Thạnh nhà đẹp cho thuê giá cao",8900,82,2,2,Bình Thạnh
"Bán căn hộ 2PN Vinhomes Central Park, view thành phố, giá chỉ 8,5 tỷ 80m2",8500,80,2,2,Bình Thạnh
"CTY Pure Land quản lý giỏ hàng 2PN 3PN cập nhật mới nhất 11/2025. Tư vấn như may đo, giá tốt nhất!",13800,107,2,2,Bình Thạnh
Chính chủ gửi độc quyền căn 2PN Sunwah Pearl. View Sông & Quận 1. Giá tốt nhất còn thương lượng!,13700,107,2,2,Bình Thạnh
"Bán gấp căn hộ 2PN, 2WC tại Vinhomes Central Park, 9,6 tỷ, 72m2, 86m 10,5ty, 89m 13,8ty sổ hồng cc.",9600,72,2,2,Bình Thạnh
Hải Yến Nam Minh Land - Giỏ hàng căn hộ 1PN - 2PN - 3PN đang bán tại Sunwah Pearl mới nhất T11/2025,15000,105,2,2,Bình Thạnh
Hải Yến Nam Minh Land - Giỏ hàng bán căn hộ Saigon Pearl 2PN - 3PN - 4PN - Penthouse giá T11/2025,8500,86,2,2,Bình Thạnh
"Căn hộ City Garden Bình Thạnh ngay Ngô Tất Tố, DT 108m2, giá 12 tỷ, liên hệ0903 397 ***",12000,108,2,0,Bình Thạnh
"Bán căn hộ 89m2 tại Vinhomes Central Park, 8,5 tỷ, 2PN, 2WC, pháp lý đầy đủ",8500,89,2,2,Bình Thạnh
"Còn 1 căn 2PN 82m2, hướng mát, có sổ, giá 9.8 tỷ, không phải C3 - cần bán gấp - tin thật 100%",9800,82,2,2,Bình Thạnh
Cập nhật danh sách 99 căn hộ Sunwah Pearl bán giá tốt nhất 1PN 2PN 3PN hotline PKD0908 078 ***Nancy,14400,106,2,2,Bình Thạnh
"Bán CC Sunwah Pearl, 12.8 tỷ, 95m2, 2PN, Bình Thạnh, HCM hàng hot - sắp có sổ hồng",12800,95,2,2,Bình Thạnh
Cần bán gấp căn hộ 2PN 2WC giá tốt 82m2 tòa Landmark Plus Vinhomes Central Park0901 511 ***,9900,82,2,2,Bình Thạnh
"Căn hộ góc 3 mặt Nguyễn Xí P26 Bình Thạnh 61m2 - 2 phòng ngủ - thoáng mát - giá 2,75 tỷ",2750,61,2,1,Bình Thạnh
2PN/2tỷ1 căn hộ Lê Quang Định full nội thất sổ hồng riêng góp 15 năm0365 222 ***,2100,51,2,1,Bình Thạnh
"Bán chung cư 45m2.2 phòng ngủ, cách Thảo Cầm Viên 3 phút đi bộ",2400,45,2,1,Bình Thạnh
"Bán căn hộ Sunwah Pearl 2PN/105m2 - tại Nguyễn Hữu Cảnh, Bình Thạnh giá 16 tỷ. LH0919 733 ***",16000,105,2,2,Bình Thạnh
"EM CẦN BÁN GẤP CH SAIGONRES VINCOM NGUYỄN XÍ, 2PN=3.1 TỈ, 3PN=3,7 TỈ. LH0775 929 ***",3000,72,2,2,Bình Thạnh
Tổng hợp giỏ hàng căn hộ Saigon Pearl giá tốt nhất: Căn 2PN- từ 8 tỷ; 3PN - từ 11 tỷ; 4PN - 15 tỷ,8300,89,2,2,Bình Thạnh
"Bán nhà mới đẹp Xô Viết Nghệ Tĩnh, Bình Thạnh, 2PN, 2WC, giá chỉ 2,65 tỷ bớt lộc",2650,20,2,2,Bình Thạnh
"Bán căn hộ chung cư đẹp tại Sunwah Pearl, 145 triệu/m2, 98m2, 2PN, 2WC",14210,98,2,2,Bình Thạnh
Hot! Gamuda bung giỏ 40 căn Celadon City đẹp (06/11/2025). Cam kết Ck cao nhất! Miễn PQL,6900,86.6,2,2,Tân Phú
Bán nhanh Alnata Plus 2PN 85.3m2 có ô xe định danh - Loại góc đẹp,7000,85.3,2,2,Tân Phú
Em Sự chuyên rổ hàng giá CĐT F0 Celadon. Cam kết không giá ảo & chiết khấu tốt nhất Celadon City,7500,96,2,2,Tân Phú
"Bán căn hộ chung cư Celadon City quận Tân Phú, khu Topaz, Ruby, Emerald, Diamond",3500,68,2,2,Tân Phú
"Ban quản lí bán căn hộ Âu Cơ Tower, 2 phòng ngủ, sổ hồng, giá từ 3.1tỷ Tuấn0901 499 ***có nhiều căn",3600,68,2,2,Tân Phú
Bán nhà giá tốt chia tài sản Lương Thế Vinh (cơ hội đầu tư hiếm trong khu vực),6000,54,2,2,Tân Phú
"Chính chủ cần bán nhanh căn hộ cao cấp RichStar - Novaland, Q. Tân Phú",3950,81.5,2,2,Tân Phú
"Hót cần bán căn 2PN, 2WC, 88,8m2 - Diamond Alnata - View đại lộ - nhận nhà 6tỷ463 - Giá còn TL",6650,88.8,2,2,Tân Phú
"Bán gấp căn góc 2PN, 2WC C/C Tân Hương Tower, 2,7 tỷ TL, LH0981 674 ***Ms Giang",2670,86,2,2,Tân Phú
"Bán CH Richstar Novaland 2PN1WC giá 2tỷ9, 2PN2WC giá 3 tỷ, 3PN giá 3,8 tỷ, nhàđẹp hướngmát, vay 70%",2900,54,2,1,Tân Phú
Bán gấp 2PN Diamond Alnata 85m2 giá 6 tỷ 4 bao hết,6400,85,2,2,Tân Phú
"Bán Nhà riêng tại Lê Thúc Hoạch, giá tốt 3,85 tỷ, 33m2, 2PN, 2WC, view đẹp",3850,33,2,2,Tân Phú
"BAN QUẢN LÍ BÁN CHCC ORIENTAL :78M,2 PN 2wc 3,6 TỶ, 105M, 3 PN 2wc -4,4 TỶ LH :0934 403 ***khanh",3600,78,2,2,Tân Phú
Bán căn hộ RichStar giá tốt căn 65m2(2pn2wc) giá từ 3ty5 LH:0702 767 ***,3600,65,2,2,Tân Phú
"Celadon Emeral 63m2, 2PN full nội thất 4 tỷ, 71m2, 2PN 4tỷ720tr full nội thất LH e0797 799 ***",4720,72,2,2,Tân Phú
Nguồn hàng chính chủ ký gửi căn hộ Celadon City - đa dạng DT từ 1 - 2 - 3PN - Emerald và Diamond,4000,63,2,1,Tân Phú
"Chính chủ bán CC giá siêu hời tại Nguyễn Hữu Thọ, 4,15 tỷ, 100m2, 2PN, 2WC, Nhà Bè, HCM",4150,100,2,2,Nhà Bè
"20 suất nội bộ từ chủ đầu tư || Căn đẹp view sông trung tâm SG, chiết khấu đến 22% LH0968 381 ***",3500,56,2,1,Nhà Bè
"Chỉ với 3,3 tỷ sở hữu Căn Hộ Dual Space Apartment 56m2 Duy nhất khu Nam Sài Gòn.",3500,56,2,1,Nhà Bè
"BÁN CĂN HỘ CAO CẤP THE MIKA - CHỈ 3.5 TỶ / 2PN - TIỆN ÍCH CHUẨN RESORT, 20% NHẬN NHÀ -0902 648 ***",3500,56,2,0,Nhà Bè
Căn hộ khu Nam Sài Gòn liền kề Phú Mỹ Hưng 60tr/m2. LH0867 763 ***Anh Thư,3700,56,2,1,Nhà Bè
"Chuyển Nhượng Căn 2PN1WC 54.3m2 Giá 3.2 Tỷ Tầng Đẹp, Căn Gốc 54m2 giá 3.4Tỷ, Hỗ Trợ Vay Bank",3200,54,2,1,Nhà Bè
"PKD căn hộ quản lý 100% bán Saigon South giá 2PN đến 4.5 tỷ, đến 5.2 tỷ căn 3PN 5.6 tỷ - 5 tỷ 9",4500,71,2,2,Nhà Bè
Giỏ hàng Celesta view độc quyền mới nhất 2025 1PN 3.9 tỷ - 2PN 5.4 tỷ - 3PN 6.6 tỷ,5400,79,2,1,Nhà Bè
Chủ cần bán 2pn A5.9 Essensia Sky giá 6 tỷ,6000,81,2,2,Nhà Bè
"Chính chủ gửi bán nhiều CH Saigon South 2PN 5 tỷ, 3PN 6tỷ xem nhà 24/24. Full nội thất!",5000,65,2,2,Nhà Bè
Căn hộ 100% view sông - Đẹp nhất Nhà Bè - Có cam kết thuê lại từ CĐT - Kèm tặng nội thất,3970,63,2,2,Nhà Bè
"Muốn mua Sunrise Riverside giá rẻ nhất phải gọi LH0909 573 ***Studio/3.39tỷ, 2PN/4.69tỷ, 3PN/5.4tỷ",4700,70,2,2,Nhà Bè
"Bán gấp Celesta Rise DT 80 m2 2WC 2PN nhà ntcb giá chỉ 5,7tỷ, LH0987 656 ***Tính",5700,80,2,2,Nhà Bè
Bán nhanh căn hộ Celesta Rise 2PN Giá tốt nhất thị trường - quản lý rổ hàng chính chủ Celesta 100%,5300,80,2,2,Nhà Bè
"Bán căn hộ đẹp tại Saigon South Residences, 5,7 tỷ, 76m2, 2PN, 2WC",5700,76,2,2,Nhà Bè
"Căn hộ cao cấp full nội thất liền kề Phú Mỹ Hưng, Zeit Geist City",3800,66,2,2,Nhà Bè
"Căn hộ Khải Hoàn Prime view sông đẹp nhất khu Nam thanh toán 20% nhận nhà, 0% lãi suất 24 tháng",3800,60,2,2,Nhà Bè
Chính chủ cần bán căn hộ Dragon Hill 2 Giá bán 4.1 tỷ,4100,71,2,2,Nhà Bè
Bán Căn hộ Sunruse Riverside 70 m2 Thiết kế 1 PN nhà mới - View hồ bơi 2250 m2 - hướng Nam,4850,70,2,2,Nhà Bè
"Muốn mua căn hộ Saigon South giá tốt gọi ngay0921 055 ***Giang.2PN 4,5 tỷ-3PN 6,45 tỷ. Bao Sang Tên",4000,65,2,2,Nhà Bè
Quản lý 100 % giỏ hàng chuyển nhượng căn hộ cao cấp Celesta Rise giá tốt T11 2025,5700,80,2,2,Nhà Bè
"Chính chủ bán căn hộ 2PN 2wc giá tốt nhất thị trường view đẹp tại Essensia Sky, 5,9 tỷ, 80m2",5900,80,2,2,Nhà Bè
"Chỉ 800tr nhận ngay căn hộ 2 phòng tại The Park Residence, MT Nguyễn Hữu Thọ gần ĐH RMIT Quận 7",2400,52,2,1,Nhà Bè
"Bán chung cư kề Phú Mỹ Hưng ven sông Lê Văn Lương giá chỉ 2,6 tỷ LH Zalo0867 763 ***Anh Thư",2600,48,2,1,Nhà Bè
Bán nhà góc 2 mt hẻm 1419 oto 1 trệt 1 lầu 2 pn 2wc nhà mới đầy đủ đồ giá 4ty750 Sổ hồng,4750,78,2,2,Nhà Bè
"Bán căn hộ Sunrie Riverside 1PN giá 2.2tỷ, 2PN giá 4.6tỷ, 3PN giá 5.2 đến 6tỷ LH0911 530 ***",4600,70,2,2,Nhà Bè
"Muốn mua Saigon South giá rẻ nhất hiện nay LH0909 573 ***OT/2.3tỷ, 1PN/2.9tỷ, 2PN/4.69tỷ, 3PN/6.3tỷ",4690,67,2,2,Nhà Bè
"Bán các căn hộ Khải Hoàn Prime Lê Văn Lương nhà bè, 62m2, 63m2, 66m2 2PN 2WC giá tốt",3900,62,2,2,Nhà Bè
"Bán gấp căn hộ 2PN giá từ 4.5tỷ đến 5ty, 3PN giá 5.6tỷ đến 5.9ty CC Saigon South LH0911 530 ***",4500,72,2,2,Nhà Bè
Giỏ Hàng Đa Dạng Từ 3ty3/căn Gọi0943 330 ***,3300,52,2,1,Nhà Bè
Căn hộ Thủ Đức giá tốt nhất - Trực tiếp F0 Chủ Đầu Tư - thanh toán 1-1.5%/tháng hỗ trợ 0% lãi suất,3100,70,2,2,Thủ Đức
"Happy One Sora 2PN 2WC 69m2. Giá F0 giai đoạn 1. Trực tiếp CDT, chiết khấu 17,5% trong tháng 9/2025",3170,69,2,2,Thủ Đức
"Bán CC Urban Green, 4,5 tỷ, 78m2, 2PN + 2WC + nội thất cơ bản",5200,78,2,2,Thủ Đức
"Chính chủ cần bán Lavita Garden 2PN 3.75 tỷ, sẵn HĐ thuê dài hạn, view xịn xò0939 720 ***",3750,68,2,2,Thủ Đức
"Bán Moonlight Đặng Văn Bi 2PN2WC, 68m2 4.2 tỷ, các căn giá tốt0911 850 ***",4050,68,2,2,Thủ Đức
Full rổ hàng CĐT và sang nhượng Urban Green T11. Tặng 650tr và HTLS 18 tháng. Alo em Nhâm ngay,5400,80,2,2,Thủ Đức
"Cần bán căn hộ 2PN 2WC 57m2, giá 2.140 tỷ, có sổ hồng riêng, chung cư Sunview Town",2140,57,2,2,Thủ Đức
"Cực hót căn 2PN, 2WC, 70m2 tầng cao view đẹp chỉ với 3,1 tỷ tại Happy One Sora, Thủ Đức, HCM",3100,70,2,2,Thủ Đức
Bán căn Flora Novia Nam Long | Giá 3tỷ45 | Diện tích 61m2 | Căn đẹp view mát. LH:0896 682 ***,3450,61,2,1,Thủ Đức
"Căn hộ CC Happy One Sora, bán 3,35 tỷ, 59m2 tại Linh Xuân, Thủ Đức",3350,59,2,0,Thủ Đức
"Bán nhanh Urban Green 2PN tòa Aster view Landmark 81, đang có hợp đồng thuê",5970,79.21,2,2,Thủ Đức
"Một căn duy nhất Urban Green căn 2PN - 5tỷ453, 3PN chỉ 7,3 tỷ. Nhà mới chưa ở. View xịn nhất Urban",5450,84,2,2,Thủ Đức
DUY NHẤT CĂN 2PN 65m2 TẦNG CAO CHƯA NỘP HỒ SƠ LÀM SỔ - HỖ TRỢ VAY TỐI ĐA 70% - XEM NHÀ MIỄN PHÍ,5300,65,2,2,Thủ Đức
"Nhà 1 trệt 1 lầu chỉ 3ty990 đường Trường Lưu, gần chợ Long Trường giá tốt nhất khu vực",3990,53,2,2,Thủ Đức
Rổ hàng lớn 30 căn sổ sẵn 3PN - 2WC VIP Vinhomes Golden River đẳng cấp nhất Ba Son,33000,118.5,3,2,Quận 1
Grand Manhattan chính chủ - tin thật bán duy nhất 01 căn góc 3PN 96m2 view trực diện sông Bitexco,21980,96,3,2,Quận 1
"Căn hộ JW Marriott Grand Marina-Giỏ hàng CĐT, view sông Q1, giá từ (25tỷ-1PN)(32tỷ-2PN) (59tỷ-3PN)",55900,145,3,2,Quận 1
"Bán căn 3PN góc trực diện sông 145m2 chỉ 55,9 tỷ Grand Marina Saigon",55900,145,3,2,Quận 1
"Chính chủ gửi bán 68 căn Grand Manhattan tháng 11/2025, những căn lịch thanh toán nhẹ, vào tiền ít",13200,97,3,0,Quận 1
"Bán căn hộ The Marq: 3 phòng ngủ, 110m2, full NT, giá 24.6 tỷ, suất SPA. Nhận nhà ngay",24600,110,3,3,Quận 1
"Rẻ nhất! 3 phòng ngủ 110m2 - Giá bán chỉ 21,5 tỷ ( cập nhật rổ hàng T8) - thanh toán 30% nhận nhà",21500,110,3,2,Quận 1
Tấn Trường: Bán 3PN HOA HẬU The River - 29 tỷ,23800,139,3,3,Quận 2
Giỏ hàng độc quyền The River [1PN - 11tỷ] [2PN - 16tỷ] [3PN - 25tỷ] [4PN - 47tỷ] - Đã có sổ,25000,140,3,2,Quận 2
"Full giỏ hàng 1PN đến 4PN, loft, penthouse, Metropole Thủ Thiêm giá tốt nhất thị trường",24500,115,3,2,Quận 2
"The Privé tầng trung 3PN 2WC 98.7 m2 giá all in 11.2 tỷ view sông căn góc tòa 6, 9, 10, 11, 12.",11200,98.5,3,2,Quận 2
"Full giỏ hàng căn hộ Đảo Kim Cương 2PN, 3PN, 4PN view đẹp, giá tốt nhất",14500,137,3,3,Quận 2
"TIN THẬT 100%! Bán căn 3PN (Sở hữu lâu dài) tại Đảo Kim Cương. Full 2 mặt kính, căn góc, tầng trung",14700,117,3,2,Quận 2
Cập nhật giỏ hàng giá tốt nhất chung cư New City Thủ Thiêm,8870,102,3,2,Quận 2
"Full giỏ hàng căn hộ 1PN, 2PN, 3PN, duplex, penthouse Masteri Thảo Điền, giá vô cùng hấp dẫn",9800,94,3,2,Quận 2
[Độc quyền] Bán căn hộ 3PN lầu cao view không chắn duy nhất dự án đang bán LH:0961 591 ***,36000,217,3,4,Quận 2
"Căn hộ 3PN Eaton Park tháp A3 lịch vay, tầng trung view nội khu, 18,5 tỷ chênh nhẹ",19500,104,3,2,Quận 2
"Phòng KD Galleria (cập nhật full giỏ hàng bán 1PN 12,3 tỷ, 2PN: 19 tỷ, 3PN: 21,3 tỷ, 4PN 60 tỷ) T11",21300,102,3,2,Quận 2
Cần bán căn Cove 157m2 | 3PN giá 41 tỷ,41000,157,3,3,Quận 2
"Không đăng ảo, gửi bán căn 3PN view sông giá tốt nhất hiện tại 10,5 tỷ (đã gồm chi phí), gọi ngay",10500,107,3,2,Quận 2
(Giá tốt nhất giỏ hàng - cỡ lớn 143m2) Căn hộ Dualkey 3PN (2 chìa khóa) view Landmark ngay Quận 2,15500,143,3,3,Quận 2
Tấn Trường: Bán nhanh 3PN - Thủ Thiêm Zeit River - 26 tỷ ( tốt nhất thị trường ),26000,125,3,2,Quận 2
"Rẻ nhất thị trường bán căn 3PN 96m2 8.5 tỷ. View sông. Tháp trung tâm, tầng cao, view cực đẹp.",8500,96,3,2,Quận 2
"BÁN NHAN 3PN 96M2 FULL NT XỊN CAO CẤP - SẴN SỔ CÔNG CHỨNG NHẬN NHÀ ĐƯỢC NGAY - CHỈ 9,2 TỶ ALL IN",9200,96,3,2,Quận 2
"Ms. Hiền -0334 237 ***bán căn 3PN duplex diện tích 216m2, view sông Quận 1, giá chỉ 22,75tỷ bao hết",22750,216,3,4,Quận 2
(Giỏ hàng 3PN) Giá tốt nhất - căn hộ The Crest Residence - Metropole,38000,129,3,2,Quận 2
"Bán căn hộ duplex The River Thủ Thiêm, 145m2, 3PN, 3WC giá bán 55 tỷ LH0906 327 ***Mr. Đại",55000,145,3,3,Quận 2
"TOP CĂN HỘ ĐANG CẦN BÁN GẤP STUDIO, 1PN, 2PN 3PN - Bank hỗ trợ vay 70% - CÓ CĂN ĐÃ CÓ SỔ",8900,109,3,2,Quận 2
Bán 3PN diện tích lớn sang tên nhanh - The Sun Avenue Quận 2,9280,109,3,2,Quận 2
"Bán căn hộ Duplex 3PN 132m2 chung cư Feliz En Vista, đã có sổ hồng",15600,132,3,2,Quận 2
Công ty Kashome - chuyên bán D'Edge Thảo Điền - hơn 10 năm kinh nghiệm - giỏ hàng hơn 20 căn,17000,145,3,0,Quận 2
D'Edge Thảo Điền: Full giỏ hàng chuyển nhượng 1 - 2 - 3 - 4PN cập nhật T10.2025. Xem nhà 24/7,17000,143,3,3,Quận 2
Tổng hợp căn hộ Garden Villa 220m2 - Pool Villa 325m2 - Penthouse - 570m2 view sông SG T11/2025,29000,220,3,4,Quận 2
"Căn 3PN Eaton Park A5.03 siêu hiếm, giá tốt. Chỉ còn duy nhất 1 căn trục này đang bán",17300,105,3,3,Quận 2
"Mở bán CitiGrand Q2, căn hộ duplex trần cao 5,4m, 80m2, giá từ 3,9tỷ, ký HDMB TT 10%, giỏ hàng CĐT",3900,80,3,3,Quận 2
"Giá thật: Bán nhanh giá gốc CĐT căn hộ Thủ Thiêm 3PN taị Paris Hoàng Kim, có căn góc ban công ngoài",6500,75,3,2,Quận 2
Chính chủ gửi bán 3PN2WC - 96m2 tháp 3 view sông giá bán 8.5 tỷ all in,8500,96,3,2,Quận 2
"Hàng hiếm - bán nhanh 3PN 96m2 view sông giá siêu tốt - chỉ 8,3 tỷ",8300,96,3,2,Quận 2
"Bán căn góc 3PN, 4PN đẹp nhất phân khu CT5 căn hộ Masteri Park Place, CK 14%. LH:0975 467 ***",11000,100,3,2,Quận 2
"Căn 3PN góc 11,5 tỷ (TTS) diện tích 98,4m2 Masteri Park Place",11500,98.4,3,2,Quận 2
"Chính chủ bán nhanh căn 96m2 - 3PN The Sun Avenue giá 8,3 tỷ bao thuế phí",8300,96,3,2,Quận 2
Siêu phẩm view sông & nhạc nước 3PN - 110m2 ban công vs phòng ngủ đều trọn view,13400,110,3,2,Quận 2
"Giá bán căn 3PN hấp dẫn nhất Crest, chào bán căn 3PN view sông chỉ với 40tỷ",40000,129,3,2,Quận 2
"CC BÁN NHÀ MẶT TIỀN HAI BÀ TRƯNG, QUẬN 3  ĐANG CHO THUÊ 90TR/TH VỊ TRÍ TRUNG TÂM",47000,87.8,3,0,Quận 3
"Tin thật 100%. Chia tài sản cần bán gấp căn góc 2 MT HXH Lê Văn Sỹ, Q3, DT: 6x10m, 13 tỷ, 2 tầng",12500,67.1,3,4,Quận 3
"Chuyên bán căn hộ Copac Square Q4: DT 117m2, 3PN - 2WC, nhìn về Q.1 và sông Sài Gòn, LH0938 559 ***",6500,117,3,2,Quận 4
"Cần bán căn hộ GoldView 101m2 3PN, view hồ bơi &Q1 chỉ 8,950tỷ. LH: 918712885. CHỈ Đăng GIÁ THẬT",8950,101,3,2,Quận 4
Duy nhất 3PN 2WC tại Gold View giá chỉ 9 tỷ thanh toán nhà đủ nội thất đẹp mới sang trọng ở ngay,9000,100,3,2,Quận 4
"Giỏ hàng giá tốt Tresor, Quận 4, cần bán nhanh 3PN2WC 93m2 10tỷ bao thuế phí, sẵn HĐT 28tr/tháng",10000,93,3,2,Quận 4
"Giỏ hàng bán CH Rivergate: OT 2,85 tỷ, 1 PN 3,8 tỷ, 2 PN giá 7 tỷ, 3 PN giá 8.4 - 10 tỷ. LH Dung",2850,26,3,2,Quận 4
"Bán Nhà Riêng tại Trần Bình Trọng, 12 tỷ, 56.8 m2, 3PN + 3WC + bếp. Chính chủ uy tín, Q5, HCM",12000,56.8,3,3,Quận 5
Căn hộ ngay trung tâm Q1 - Chỉ hơn 130triệu/m2 - Sổ Hồng Riêng - CK lên tới 16.8% Trong tháng 11,17600,132,3,3,Quận 5
"Căn Hộ Kiều By Kita số 927 Trần Hưng Đạo, Q5, có sổ hồng, 3PN2WC 128m2 Giá 17.7 Tỷ, Hỗ Trợ Trả Góp",17700,128,3,2,Quận 5
Chuyên bán 2PN 3PN 4PN căn hộ Kiều By KITA Quận 5 - liền kề Quận 1 - sổ hồng cc nhận nhà ngay,17000,128,3,2,Quận 5
"Giá bán 18 tỷ căn hộ 3PN Kiều By KITA Trần Hưng Đạo - Quận 5, đã có sổ hồng riêng, Nhận nhà ở ngay",18000,128,3,2,Quận 5
"Căn hộ Quận 5 mà giá chỉ ~136 tr/m2 đã có sổ hồng, không bao giờ kẹt xe, không bao giờ ngập nước",18000,128,3,2,Quận 5
Bán căn góc view đông nam 3PN 2WC có ban công - sổ hồng sẵn - Công chứng ngay chỉ 19 tỷ.,19750,135,3,2,Quận 5
"D-Homme Hồng Bàng: Căn 2PN2WC Giá 5.2tỷ, Căn 3PN2WC Giá 7.5Tỷ, TT 10% Nhận Nhà, Trả Chậm 6 Tháng.",5200,70,3,2,Quận 6
"Bán căn hộ duplex 3PN - 2WC D-Homme mặt tiền Hồng Bàng Quận 6, chỉ 1tỷ nhận nhà vào ở ngay",10000,136,3,2,Quận 6
"Ban quản lí bán căn hộ An Phú, 100m2, 3 phòng ngủ, sổ hồng, giá 3.8 tỷ Tuấn0901 499 ***có nhiều căn",3800,100,3,2,Quận 6
"Chính thức nhận booking CC Sunshine Sky City, 7.5 tỷ, 3PN, uy tín, giá tốt, full nt LH0939 720 ***",7500,102,3,2,Quận 7
"Văn phòng công ty tại dự án Eco Green, bán 3PN 7.5 tỷ. Có sổ. LH0932 139 ***",7500,94,3,2,Quận 7
"Giỏ hàng căn hộ Sunrise City giá tốt 1 -2 -3- 4PN giá tốt, cạnh tranh nhất thị trường LH0918 343 ***",9200,120,3,2,Quận 7
"Bán nhanh căn góc 3PN 2WC Eco Green Q7 view thoáng, hướng mát, DT 95m2 giá chỉ 8ty1",8100,95,3,2,Quận 7
"Căn hộ 3PN 3WC Ascent Lakeside Quận 7 152m, view Bitexco, giá ful 8,4 tỷ",8400,152,3,3,Quận 7
Bán căn hộ góc 3PN  152m²  View thoáng  Giá chỉ 55 triệu/m²  Trung tâm Quận 7,8400,152,3,3,Quận 7
"Cần tiền bán gấp căn hộ Sky Garden 2, PMH, quận 7 - 3PN 2WC nội thất mới 100% như hình",5680,88,3,2,Quận 7
Sos quản lý tất cả căn hộ Sunrise City 1 2 3 4 5PN penthouse giá tốt nhất thị trường,10000,138,3,2,Quận 7
"Bán 3Pn Q7 boulevard nhà mới giá 3.650 tỷ Đường Nguyễn Lương Bằng, tặng nội thất lh0905 705 ***",3650,75,3,2,Quận 7
"HÀNG HIẾM 3PN 2WC FULL NỘI THẤT,SẮP CÓ SỔ",5000,83,3,2,Quận 7
3PN 121m2 giá tốt nhất INFINITI chỉ 10tỷ5 view nội khu hồ bơi thác nước. Lh:0909 333 ***Duyên,10500,121,3,2,Quận 7
Cần bán căn hộ lớn Sunrise city Central 147m2 - 3 phòng ngủ 2WC giá 13 tỷ. Nhà mới cao cấp có sổ,13000,147,3,2,Quận 7
"Bán căn hộ 152m² Ascent Lakeside  3PN, 2WC, nội thất cơ bản, vị trí đắc địa trung tâm Quận 7",8400,152,3,3,Quận 7
"Cần bán căn hộ Sky 3 nhà đẹp, giá bán 6tỷ580 chất lượng mới 100%, có hợp đồng thuê 28tr/tháng!",6580,85,3,2,Quận 7
"Cần bán gấp căn hộ The Infiniti căn góc 3PN, diện tích 140m2 view hồ bơi cực đẹp giá rẻ nhất dự án",11700,140,3,0,Quận 7
"Bán căn hộ Scenic Valley 3 phòng ngủ, nội thất mới. Giá 9,5 tỷ. Liên hệ0907 904 ***",9500,110,3,2,Quận 7
"Rổ hàng còn 08 biệt thự Hưng Thái Phú Mỹ Hưng, DT 7x18m, 9x18m SHR, giá chỉ 29 tỷ",29000,126,3,4,Quận 7
Căn hộ góc 3PN 152m2 view hồ & Landmark trung tâm quận 7,8200,152,3,2,Quận 7
"Bán căn hộ tầng cao - 3 PN - Diện tích: 152m2 - Giá: 8.6 tỷ - Nguyễn Văn Linh, Quận 7",8600,152,3,2,Quận 7
Chủ định cư! Bán gấp căn hộ cao cấp Mỹ Khánh 2A- Phú Mỹ Hưng- Quận 7,9600,118,3,2,Quận 7
"Bán căn hộ Riverside Residence 136m2 căn góc giá 11,8 tỷ (rẻ nhất khu)",11800,136,3,3,Quận 7
"Bán căn góc Cảnh Viên 2, view công viên 2000m2, giá bán: 10,3 tỷ",10300,118,3,2,Quận 7
"Sốc! Giỏ hàng khu An Gia tháng 11 giá siêu tốt, pháp lý chuẩn, hỗ trợ vay tối đa",5400,114,3,2,Quận 7
"Infiniti: Chính chủ gửi bán căn 3PN view nội khu, 134m2, đơn giá chỉ 80tr/m2 - LH:0967 565 ***",10700,134,3,2,Quận 7
Cần bán nhiều căn hộ Riverside Residence Phú Mỹ Hưng Quận 7. LH:0916 555 ***,13500,130,3,2,Quận 7
"Giỏ hàng bán siêu rẻ tại River Panorama pháp lí ổn, thanh khoản nhanh trong tháng 11. LH0966 364 ***",5800,114,3,2,Quận 7
"Bán căn hộ Sky Garden 1, Phú Mỹ Hưng 3PN 2WC, nội thất cao cấp, hợp đồng thuê 29 triệu/tháng",5930,88,3,2,Quận 7
"Căn hộ 3 PN Sky Garden 3 Phú Mỹ Hưng | giá chỉ 6 tỷ 490 rẻ nhất thị trường, dòng tiền 30tr/tháng",6490,89,3,2,Quận 7
Bán căn hộ Hưng Vượng 3 căn góc view Bùi Bằng Đoàn siêu đẹp | Phú Mỹ Hưng Quận 7,5500,74,3,2,Quận 7
"3PN Infiniti layout side by side T11 10tỷ7, view nội khu resort, bàn giao hoàn thiện, giá tốt",10700,135,3,2,Quận 7
Thật: Cần bán căn hộ Sunrise City South 3PN 138m2 view sông cực hiếm giá 11 tỷ nhà đẹp lầu cao,11000,138,3,2,Quận 7
Căn hộ 3 phòng ngủ giá thấp 6tỷ3 Sky Garden Phú Mỹ Hưng | dòng tiền 25 triệu/tháng sinh lời ổn định,6300,110,3,2,Quận 7
"Còn 1 căn 148m duy nhất tại Tháp 3 Riviera Point, gía chỉ 11 tỷ, 3PN, 3WC, Hot!",11000,148,3,3,Quận 7
"Hàng hiếm 120m CC Riviera Point 120m2, 3PN, 2WC, chỉ 75 triêu/m",9000,120,3,2,Quận 7
"Bán căn hộ Penthouse Giai Việt Hoàng Anh, DT 227m2, 3PN, 4WC, sổ hồng, giá 8.3 tỷ. LH0933 888 ***",8300,227,3,4,Quận 8
CHÍNH CHỦ CẦN BÁN CĂN HỘ 3 PHÒNG NGỦ FULL NỘI THẤT CAO CẤP. XÁCH VALI VÀO Ở.0934 987 ***,3090,75,3,2,Quận 8
"Bán căn hộ Giai Việt, DT 109m2, 3PN, 2WC, nhà sạch đẹp, căn góc, giá 5.03 tỷ, LH0933 888 ***- Thắm",5030,109,3,2,Quận 8
"Bán căn hộ Shophouse - Tầng trệt chung cư Giai Việt - DT 150m2 3PN 3WC, sổ hồng lâu dài, giá 9.2 tỷ",9200,150,3,3,Quận 8
DT 60m2 x hẻm 5m hoàn công 2020 sổ riêng nhà Âu Dương Lân Q8 3PN 2ty550,2550,60,3,4,Quận 8
"3PN 82m2 Beverly Solari giá rẻ nhất chỉ 3,75tỷ.CK 23,8% và tặng gói NT 300tr trừ thằng vào giá bán!",3750,83,3,2,Quận 9
"Sốc!! Căn 3PN view sông giảm 1 tỷ, tặng gói NT 300 triệu , kí trực tiếp CĐT, thanh toán 10% Kí HĐMB",3780,83,3,2,Quận 9
"SSốc! 3PN2WC Tropical giá 3.65 tỷ. Tặng thêm 1.5%, tổng chiết khấu lên đến 23.8% và 300tr nội thất",3650,83,3,2,Quận 9
"Duy nhất căn 3PN full nội thất, 3.7 tỷ/81m2 - Giỏ hàng Tháng 10- CK 28% - TT giãn ký CĐT",3700,81,3,2,Quận 9
"Sốc! Độc Quyền Căn 3PN - 82m2 Glory Heights giá 3850 tỷ, CK 26.5%, Tặng Gói Nội Thất 300Tr",4000,82,3,2,Quận 9
"Chủ nhà bán gấp Origami căn 3PN+ 92m2 hướng Đông Nam view sông thoáng giá 4,6 tỷ bao hết, sổ hồng",4600,92,3,2,Quận 9
"Bán gấp căn góc tầng 16 Chung cư 9 Views 87m, 3PN, full nội thất, giá chỉ 4.1 tỷ",4100,87,3,2,Quận 9
"Bán căn hộ 3PN 108m2, hàng hiếm tại Vinhomes Quận 9, nhà mới 100%",6260,108,3,2,Quận 9
"BÁN NHÀ FULL NỘI THẤT LÊ VĂN VIỆT, TĂNG NHƠN PHÚ - 3PN- SHR - 5TY2 TL",5200,55,3,2,Quận 9
"Suất nội bộ căn hộ Beverly Solari Vinhomes Grand Park, siêu rẻ, 3PN 81m2 4 tỷ view sông tầng trung",4000,81,3,2,Quận 9
"Bán căn hộ 3PN, 100m2, 5,2 tỷ tại Chung cư MT Eastmark City, Quận 9, TP.HCM",5200,100,3,3,Quận 9
Chủ gửi bán căn nhà mặt tiền hẻm nhựa ô tô thông đường 385 phường Tăng Nhơn Phú A,6500,54.6,3,2,Quận 9
"Rổ hàng 9 View 3PN giá 3 tỷ đa dạng view, tầng, hướng, có tư vấn vay 70%0939 720 ***",3000,86,3,2,Quận 9
"Rổ hàng chuyển nhượng và ngoại giao đẹp nhất thị trường, thanh toán chỉ 5%",8050,116,3,2,Quận 9
The Opus One căn 3 phòng ngủ view đẹp nhất dự án toà OS1 căn số 10,7800,100,3,0,Quận 9
"Mega Ruby Khang Điền - nhà phố trệt 2 lầu sổ hồng, giá bán từ 9,5-10,5 tỷ/căn đa dạng DT 75 - 200m2",9700,75,3,3,Quận 9
Biệt thự cao cấp The Venica Khang Điền - song lập & đơn lập căn giá từ 55 - 85 tỷ MT Đỗ Xuân Hợp,55000,262,3,4,Quận 9
Bán gấp nhà 2 tầng kế Vinhome Q9 - Long Thạnh Mỹ - khu phân lô - Đường rộng 8m,6500,112,3,3,Quận 9
"Bán CC Xi Grand Court, Lý Thường Kiệt, 14, Q10, HCM, 8,1 tỷ, 90m2, 3PN, 3WC chỉ với giá cực chất",8100,90,3,3,Quận 10
"Chính chủ - gửi bán nhiều căn 1PN, 2PN, 3PN, 4PN giá chỉ từ 6.5tỷ có sổ hồng tại Hà Đô Q10. Tấn Đại",9700,86,3,2,Quận 10
"Căn góc 2 PN+ Giá 12,4 Tỷ - Cần bán nhanh !!!",12400,103,3,2,Quận 10
Chính chủ bán gấp căn hộ cao cấp DT 98m2 full nội thất giá tốt nhất thị trường,4950,98,3,2,Quận 10
"XI GRAND COURT Q10 - 1PN, 2PN, 3PN DIỆN TÍCH ĐA DẠNG 138M2 NHIỀU CĂN ĐẸP SẴN LH0931 918 ***",7800,90,3,2,Quận 10
"BÁN CĂN HỘ- HÀ ĐÔ CENTROSA GARDEN, 3 PHÒNG NGỦ, XUẤT SPA",14900,108,3,2,Quận 10
"Bán CHCC Xi Grand Court, 70m2 2pn 2wc giá 6ty5 .90m2 3pn 2wc giá 7ty3 có sổ . LH0934 403 ***Khánh",7300,90,3,2,Quận 10
"Giỏ hàng căn hộ CC Flemington, Quận 11, DT: 117m2, 220m2, 87m2, 97m2: LH:0907 970 ***, giá 6 tỷ",6000,87,3,2,Quận 11
Biệt thự mini 9m x 19m 2 lầu đường 10m thông khu biệt thự Lê Văn Khương. Sát bia Tiger,12990,171,3,4,Quận 12
"Bán CC Topaz Home, 2,7 tỷ, 70m2, 3PN, 2WC, Tân Thới Nhất, Q12, HCM",2700,70,3,2,Quận 12
"Ngân hàng Techcombank phát mãi tài sản nhà khu vực chợ Bình Chánh, sổ hồng riêng",1350,81.2,3,2,Bình Chánh
"Chính chủ bán nhà view công viên nhỏ, khu compound, Lovera Park Khang Điền, Bình Chánh, giá thật.",8000,75,3,3,Bình Chánh
"Thanh lý gấp căn nhà lô 2 ấp 7, Lê Minh Xuân, Bình Chánh - nhà 1 trệt 1 lửng kiên cố",1090,48,3,2,Bình Chánh
"Bán Căn góc tại Conic Boulevard, 32 triệu/m2, 114m2, 3PN, 2WC",3650,114,3,2,Bình Chánh
"Bán căn góc 114m2 3PN 2WC dự án Conic Boulevard Võ Văn Kiệt giá 31,6tr/m2 Full VAT, Phí bảo trì",3600,114,3,2,Bình Chánh
Bán căn hộ Flora Mizuki 95m2/3PN - 2WC đầy đủ nội thất giá 5tỷ690,5690,95,3,2,Bình Chánh
"Bán gấp! CH Saigon Mia 76m2 2PN, sẵn NTCB. Giá bán 5tỷ4. Gọi em Ngọc0979 191 ***",5400,76,3,2,Bình Chánh
Bán nhà Nguyễn Đình Chính 154m² 3 tầng - 28 tỷ - biệt thự sân vườn mặt tiền khu vip phú nhuận,28000,154,3,2,Phú Nhuận
"Tôi bán căn nhà đường Đoàn Thị Điểm, P1, Phú Nhuận, DT 54m2, Giá: 3,290 tỷ (đang cho thuê 20 triệu)",3290,54,3,3,Phú Nhuận
125m2 3 phòng ngủ 2WC có sổ - giá 12tỷ ngân hàng hổ trợ vay chính chủ bán CHCC Kingston Residence,12000,125,3,2,Phú Nhuận
Nắm toàn bộ giỏ hàng Privia Tháng 11 (cam kết giá thật 100% - không ảo giá). LH:0964 354 ***,5100,83.33,3,2,Bình Tân
"Chính chủ căn góc 82m2 Hoàng Kim Thế Gia, sổ hồng sẵn, nhà mới, nội thất",3880,82,3,2,Bình Tân
Cần bán căn cc 3 phòng ngủ Moonlight Bouulevard Bình Tân  87m2 công chứng ngay giá 4 tỷ có tl,4000,87,3,0,Bình Tân
"Tháng 11, chính chủ ""gửi bán"" căn hộ 1 - 2 - 3PN - CC Moonlight Boulevard (HungThinhLand)",4000,86,3,2,Bình Tân
"Cho con học Thụy Sỹ bán 1 căn 68m2, 2PN + 1, 2WC 4 tỷ bao hết sổ hồng, ở ngay sạch sẽ mới 100%",4000,68,3,2,Bình Tân
"Bán nhà 1A đường Số 20, Bình Hưng Hòa A, Bình Tân, giá cực chất 5,3 tỷ, 75m2, 3PN, PT và sân",5300,75,3,3,Bình Tân
"Bán căn hộ Imperial Palace Kinh Dương Vương Tân Tạo. Diện tích 75m, 3PN, 2WC đầy đủ full nội thất",3550,75,3,2,Bình Tân
Hạ giá 4770 chốt nhanh căn góc 65m2 vị trí hiếm 346 Mã Lò sát Lê Văn Quới,4770,65,3,0,Bình Tân
"Bán CC Hoàng Kim Thế Gia - Bình Tân, Căn góc - 81m2, 3PN + 2WC, Tầng 6, giá 3,6 tỷ.",3580,81,3,2,Bình Tân
HXH Quang Trung- Ngay Vincom- 63m2-Ngang 5.5m-3PN. Nhỉnh 5 tỷ,5690,63,3,2,Gò Vấp
"Bán nhà HXT Thông Lê Văn Thọ Phường 9 DT: 4,5x24 (NH 4,7) 2 lầu 3pn, KD buôn bán tốt, giá: 10 tỷ TL",10000,106,3,3,Gò Vấp
"Lô góc hiếm trong phân khúc 6 tỷ, DT 55m2, MT 7m, 6,35 tỷ, ô tô VF3, 3PN cửa sổ lớn",6350,55,3,3,Gò Vấp
"Bán căn hộ chung cư 3 phòng ngủ, 2 WC, diện tích 106m2",6500,106,3,2,Gò Vấp
"Chỉ 6,1 tỷ 5x10m 3 tầng - hẻm xe hơi Phan Huy Ích - Tân Bình - gần Trường Chinh - 3PN vào ở liền",6100,50,3,3,Tân Bình
"Bán gấp căn hộ Phúc Yên 1, 3PN 118m2 sổ hồng riêng, tầng đẹp, thoáng mát. LH0932 834 ***",5100,118,3,2,Tân Bình
"Chính chủ Bán gấp nhà căn góc 86m2, 2 lầu, hẻm 8m & 6m ngay Bàu Cát. SHR",10900,86,3,4,Tân Bình
Cập nhật giỏ hàng T10 giá tốt(1PN-5tỷ4) (2PN-7tỷ9) (3PN - 11tỷ5) (4PN - 18tỷ) Vinhomes Central Park,10000,126,3,3,Bình Thạnh
"Bán căn hộ 3 phòng ngủ Vinhomes Central Park 120m2, căn góc view sông",12000,120,3,2,Bình Thạnh
Bán gấp định cư nước ngoài: 3PN 115m2 - giá chỉ 12 tỷ all in Vinhomes Central Park,12000,115,3,2,Bình Thạnh
"Nắm 98% giỏ hàng bán Vinhomes Central Park giá rẻ nhất 1PN=5,5 tỷ, 2PN=7,9 tỷ, 3PN=11 tỷ, 4PN=18 tỷ",11000,100,3,2,Bình Thạnh
"Bán căn hộ 3PN đẹp suất sắc chỉ cần xách vali vô ở, view mát mẻ cả ngày, 108m2, giá 13 tỷ",13000,108,3,2,Bình Thạnh
Chuyên bán căn hộ Vinhomes Central Park & Landmark 81 giá tốt nhất (1-2-3-4 PN). LH0901 692 ***,15000,120,3,2,Bình Thạnh
"Bán căn hộ chung cư đẹp tại Vinhomes Central Park, 14,85 tỷ, 112m2, 3PN, 2WC sổ hồng căn góc.",14850,112,3,2,Bình Thạnh
"Bán căn hộ đẹp 3PN 2WC tại Vinhomes Central Park, 12tỷ, DT: 120 m2, nhiều tiện ích",11000,120,3,3,Bình Thạnh
Cần bán gấp căn hộ 1PN 2PN 3PN 4PN giá tốt nhất thị trường tại Vinhomes Central Park0901 511 ***,13000,128,3,2,Bình Thạnh
Rẻ nhất thị trường 3PN 120m2 - giá chỉ 12 tỷ. Sổ sẵn - LH:0909 106 ***,12000,117,3,2,Bình Thạnh
SỞ HỮU CĂN 3PN VIEW SÔNG SÀI GÒN VHCP-FULL NỘI THẤT LUXURY-CÓ SỔ HỒNG RIÊNG-GIÁ 12xTỶ CỰC TỐT,12900,115,3,2,Bình Thạnh
"Chuyên 98% giỏ hàng bán Vinhomes Tân Cảng rẻ nhất từ 1PN=6 tỷ, 2PN=8.5 tỷ, 3PN=12,5 tỷ, 4PN=18 tỷ",12500,110,3,2,Bình Thạnh
"BÁN NHÀ 5 TẦNG BTCT-CĂN GÓC-HẺM XE TẢI THÔNG-PHAN ĐĂNG LƯU-BÌNH THẠNH GIÁP PHÚ NHUẬN-5,45 TỶ TL",5450,30,3,4,Bình Thạnh
"Thanh lí gấp nhà Điện Biên Phủ, Q. Bình Thạnh 27m2 3PN 3WC 1ty399 hẻm 4 mét",1400,27,3,3,Bình Thạnh
"Căn hộ CC view đẹp tại Vinhomes Central Park, 12tỷ VND, 120m2, 3PN, 2WC",12000,120,3,2,Bình Thạnh
"Còn 1 căn 3PN giá 13.7 tỷ, diện tích 120m2, sổ hồng - chủ cần bán gấp - tin thật 100%",13700,120,3,2,Bình Thạnh
Chính chủ gửi độc quyền căn 3PN SunwahPearl. View Sông đẹp. Cam kết giá tốt nhất không có căn thứ 2,18900,130,3,2,Bình Thạnh
"XÔ VIẾT NGHỆ TỈNH P26 BÌNH THANH - dt 52 m2- 2 TẦNG - 4 m x 13m - 3 PN -6,75 tỷ",6750,52,3,3,Bình Thạnh
"Giỏ hàng Saigon Pearl giá tốt nhất: Căn 2PN - từ 8,3 tỷ, căn 3PN - từ 11 tỷ, căn 4PN từ 15 tỷ",11000,135,3,2,Bình Thạnh
"Bán căn hộ City Garden 3 phòng ngủ, sổ sẵn, 141m2. Giá 13.5 tỷ. Full giỏ hàng 1-2-3PN",13500,141,3,2,Bình Thạnh
Em Thư nhân viên CĐT chuyên rổ hàng tất cả các khu Celadon City A/C cần biết giá chọn căn inbox em,8480,121,3,2,Tân Phú
"Bán nhà 2 căn ra mặt tiền Tây Thạnh, hẻm ô tô thông, ngang 5.5m, chỉ 5.79 tỷ",5790,52,3,0,Tân Phú
Giỏ hàng thật 100% 3PN Celesta Rise Keppel Land DT 105m2 thô bán 6tỷ65 all in - HTCB 6tỷ9,6650,105,3,2,Nhà Bè
"CHỈ CÒN 1 CĂN DUY NHẤT GIÁ 7,25 TỶ  CÁC CĂN KHÁC ĐÃ ĐIỀU CHỈNH GIÁ MỚI",7250,54,3,4,Nhà Bè
"Căn hộ Phú Hoàng Anh 88m2 2PN giá 3.5 tỷ, căn 129m2, căn 3PN giá 4.3 tỷ, căn 5PN 230m2 giá 5.8 tỷ",4500,129,3,3,Nhà Bè
"Bán CH Hưng Phát Silver Star, 4,5 tỷ, 106m2, view đẹp, cơ bản, 3PN, 2WC tại Nguyễn Hữu Thọ",4500,106,3,2,Nhà Bè
CHÍNH CHỦ CẦN BÁN CĂN GÓC 3PN-2PN CÓ SỔ VIEW HỒ BƠI DỰ ÁN SUNRISE RIVERSIDE GẦN TRƯỜNG ĐH RMIT,6700,94,3,2,Nhà Bè
"Bán căn hộ 3PN, 2WC, 110m2 giá cực chất tại Hoàng Anh Gold House, Nhà Bè, HCM",4400,110,3,2,Nhà Bè
Bán căn hộ Sunrise Riverside 3PN 2WC 95m2 View hồ bơi 2000m2 Full NT có sổ giá 5.9tỷ;0972 443 ***,5900,95,3,2,Nhà Bè
"Bán Căn hộ 129m2 tại Phú Hoàng Anh , mặt tiền đường Nguyễn Hữu Thọ, 4,7 tỷ giá cực chất",4700,129,3,3,Nhà Bè
"Bán căn hộ Opal Garden, 5,5 tỷ, 90m2, 3PN, 2WC, view đẹp, hot!",5500,90,3,2,Thủ Đức
"Siêu Phẩm 3 Tầng Đẹp lung linh Đường 14m, 85m2_4.5x19m Chỉ 12,3 Tỷ Khu VIP Bên Sông Hiệp Bình Chánh",12300,85,3,3,Thủ Đức
Bán căn 4PN thang máy riêng trần cao 6.9m tại The Marq,33400,144,4,4,Quận 1
"Giỏ hàng chuyển nhượng căn hộ Vinhomes Ba Son 1PN, 2PN, 3PN, 4PN những căn giá tốt tháng T10/2025",49000,160,4,2,Quận 1
Giở hàng 200 căn cty em độc quyền xả lỗ 1PN 8.6tỷ; 2PN 10.8tỷ; 3PN 20.9tỷ; 4PN 59ty0937 600 ***,59000,160,4,0,Quận 1
"Bán căn hộ vòng cung 160m2 đẹp nhất dự án, 4PN, 3WC, 58 tỷ bao thue tại Vinhomes Golden River",58000,160,4,3,Quận 1
"Cực tốt 4PN Đảo Kim Cương gồm chỗ đậu xe trực diện sông, nội thất đẹp, giá 24 tỷ bao hết",24000,167,4,3,Quận 2
Toàn bộ 7 căn 4PN độc tôn view sông trực diện đang bán tại The Galleria,55000,170,4,3,Quận 2
"Độc nhất vô nhị, duy nhất 1 căn hộ bán tại Zeit River",58000,214,4,4,Quận 2
Penthouse The River Thủ Thiêm. Cần bán gấp nhà nội thất cơ bản. Duy nhất 1 căn,180000,360,4,3,Quận 2
"Siêu hiếm! 6. XĐ nhà 3 tầng 82m2 4PN, 3WC, ô tô ngủ trong nhà, đường thông ra Nguyễn Duy Trinh 100m",6600,82,4,3,Quận 2
Bán căn penthouse duplex tại Waterina Suites - Mặt tiền đường Tạ Hiện (LG: 25m) giá 65 tỷ,65000,340,4,4,Quận 2
"Bán Nhà Phố khu Compound bv 24/7- MT đường 22 - Trần Não - An Khánh - Quận 2, 5x20,6, T, 2L, áp mái",17600,103,4,5,Quận 2
"Nhà ngộp cần bán nhà Nguyễn Thiện Thuật, Q3, DT 54m2, 4PN, 2ty890 sổ hồng riêng",2890,54,4,4,Quận 3
"Bán nhà vị trí đẹp! Sát mặt tiền Hoàng Sa, P.VTS, Q3. nhà 4 tầng, 4PN, 4.2x15m nở hậu, giá 13 tỷ TL",13000,63,4,4,Quận 3
"Bán căn hộ Sunrise City, City View 1, 2, 3PN giá tốt nhất thị trường,0944 722 ***",10000,129,4,3,Quận 7
"Khu dân cư đông đúc kinh doanh sầm uất, DT 4.8x15m, mặt tiền đường giá 15.9 tỷ",15900,72,4,5,Quận 7
"Hiếm có! Bán căn hộ suất spa người nước ngoài | Sunshine Sky City | 4PN3WC NTCB - 8,9 tỷ vnd",8900,132,4,3,Quận 7
"Chuyên bán biệt thự Mỹ Giang Phú Mỹ Hưng, DT 7x18m, 11x18m, sổ hồng giá 37,5 tỷ/căn LH0901 294 ***",37500,126,4,5,Quận 7
"Bán căn góc 3 mặt tiền, trước sau, và bên hông, khu Mỹ Giang. Giá 69 tỷ",69000,220,4,4,Quận 7
"Bán nhà phố mới 100% khu Mỹ Phước Phú Mỹ Hưng, Quận 7",52000,129.5,4,4,Quận 7
"Bán biệt thự 4PN, 5WC - Ngang hiếm 9m, Phú Thuận, Q7, 158m2 - chỉ nhỉnh 17 tỷ",17900,158,4,5,Quận 7
"Siêu phẩm Duplex 3PN giá 11tỷ (146m²) - Duplex 4PN giá 14,8 tỷ (177m²) - Giỏ hàng giá tốt T10.2025",14800,177,4,4,Quận 7
Bán 8 căn nhà phố - biệt thự KDC Sadeco Ven Sông Q.7 DT: 5x18m 7x18m giá 18 tỷ LH0901 424 ***Mr.S,18000,126,4,4,Quận 7
"Bán nhà riêng 118/9 Phú Định, 4,3 tỷ, 50,4m2 đất, 144m2 sàn, 4PN, 3WC, 3 tầng",4300,50.4,4,3,Quận 8
"6,15 tỷ 3 tầng sân thượng.Nhà mới ngày 50m ngang gần 5,3 m,4 PN,5WC,tặng nội thất cao cấp",6150,50,4,5,Quận 8
"Phan Điền bán nhiều căn nhà phố biệt thư Melosa Garden diện tích từ 80 - 350m2. Giá từ 8,8 - 35 tỷ",13500,144,4,4,Quận 9
"Biệt thự & nhà phố Melosa Garden căn 80m2, 85m2, 100m2, 108m2, 144m2, giá từ 8 - 10,5tỷ/0907 755 ***",8000,85,4,4,Quận 9
Chính chủ cần bán full rổ hàng BT Lucasta Villa Khang Điền 3 tầng đơn lập & song lập từ 24-26 tỷ,24000,175,4,4,Quận 9
"Biệt thự & nhà phố Verosa Park DT 90m2, 100m2, 120m2 205m2 300m2 giá từ 13-14 tỷ/căn gọi0907 755 ***",14500,90,4,4,Quận 9
Chính chủ bán căn hộ Hà Đô Centrosa Garden 3 phòng ngủ + 1 phòng đa năng 139m2 full NT giá 20 tỷ,19900,139,4,0,Quận 10
"Bán nhà diện tích khủng vị trí siêu đẹp Quận 12, ngay chung cư Picity Thạnh Xuân 13",6200,73.2,4,3,Quận 12
Nhà phố kinh doanh giữa lòng khu đô thị 10.000 cư dân cơ hội sinh lời hiếm có tại Quận 12,6270,107,4,0,Quận 12
"Bán nhà riêng tại KDC An Sương, 10,5 tỷ, 80m2, 4PN, 4WC",10500,80,4,4,Quận 12
Chuẩn 100% - 1 căn duy nhất senturia NSG giá 7 tỷ. Liên hệ:0975 734 ***,7000,56.5,4,4,Bình Chánh
"Hàng hiếm ở ngay, giá tốt nhất thị trường, chỉ từ 7 tỷ, khu compound an ninh 24/7, sổ hồng riêng",7000,56.5,4,4,Bình Chánh
"Tôi Quang cần bán gấp căn nhà 3,79Tỷ đường Phan Xích Long, P1, Phú Nhuận. DT 4,5x13,5, hẻm xe hơi",3790,60,4,3,Phú Nhuận
"BÁN NHÀ CHÍNH CHỦ KHU VIP HUỲNH VĂN BÁNH  PHƯỜNG 11, PHÚ NHUẬN nhỉnh 7 tỷ Thương lượng",7900,35,4,4,Phú Nhuận
"Bán nhà Bình Tân đường Mã Lò 7,2 x 16m 3 lầu 4PN 2 đỗ ô tô trong nhà nhỉn 4,9 tỷ",4900,65,4,0,Bình Tân
"Nhà bán chính chủ cuối đường TKTQ - 4m x 19,5m - đường nhựa 7m - khu dân cư an ninh, dân trí cao",5900,78,4,5,Bình Tân
"Bán nhà riêng tại Bình Trị Đông, 6,8 tỷ, 54m2, 4PN, 4WC, 3 tầng, Q.Bình Tân, HCM",6800,54,4,4,Bình Tân
"Giảm giá còn 8 tỷ cho căn nhà 5 tầng, tại Tân Tạo, Bình Tân",8000,110.2,4,5,Bình Tân
"Bán căn mr 44 sei Harmony Bình Tân, TP HCM giá 6,9ty.",6900,66,4,4,Bình Tân
"Nhà hẻm lớn 8m BTĐ Tên Lửa nối dài, 6x15mx2tầng, chỉ 76tr/m2, DTSD 160m2, 4PN, xe hơi ngủ trong nhà",6850,90,4,3,Bình Tân
"Bán Nhà 151/67/43 Liên Khu 45,BHHB,Bình Tân DT:6-10M 4Lầu 4Pn,5Wc Hẻm Xe Hơi.",5250,60,4,5,Bình Tân
"Nhà phố Compound Sei Harmony MT đường Lê Tấn Bê, 1 trệt + 3 lầu giá chỉ 7 tỷ/căn. LH:0906 435 ***",7000,52,4,4,Bình Tân
Chỉ hơn 6 tỷ nhà đẹp ngang 5m trệt 2 lầu có 4PN siêu rộng đường số 21 Quang Trung - P8 - Gò Vấp,6680,75,4,5,Gò Vấp
CHÍNH CHỦ BÁN NHÀ SÁT SÂN BAY TSN 3TẦNG - ÔTÔ THÔNG 60M2 NỞ HẬU 2 MẶT HẺM 4PN 4WC,9500,60,4,4,Gò Vấp
"Bán nhà riêng,hẽm ô tô, 4PN, 4WC ở Phạm Văn Chiêu, Gò Vấp, giá tốt 9,5 tỷ, 78m2",9500,78,4,4,Gò Vấp
1 căn duy nhất nhà siêu đẹp HXH ở P6 Gò Vấp DT 4x13m gần các tiện ích xung quanh,8400,51,4,5,Gò Vấp
"(Tặng full nội thất) bán nhà mới 100 % như hình, gần CV Làng Hoa, 5 tầng 4 PN, 60m2 (4 x 15m)",9200,60,4,4,Gò Vấp
"Ngay khu Cityland - Lottemart nhà 4 tầng - oto vào nhà - sát mặt tiền - 140m2 - 5,5 x 25m nở hậu",11000,140,4,5,Gò Vấp
"Bán nhà MT đường Ba Vân P14 Tân Bình( 4.8x20m 3 lầu, 4PN, tiện ở làm văn phòng) 15.8 tỷ TL",15800,94,4,4,Tân Bình
"Nhà 4 tầng, 5X18 khu VIP K300 Tân Bình, đường 10m Hoàng Hoa Thám tiện kinh doanh, 15.x tỷ",15400,90,4,4,Tân Bình
Siêu hiếm 175tr/m2 nhà 4 tầng 74 Bạch Đằng HXH 6m ngay cv Gia Định khu Sầm uất nhất cách sân bay 5p,12600,72,4,4,Tân Bình
Bán nhà riêng khu Bàu Cát - Tân Bình,8900,51,4,5,Tân Bình
"Bán căn hộ 4 phòng ngủ Vinhomes Central Park 188m2 view sông, nội thất sang trọng. LH0901 692 ***",27500,188,4,3,Bình Thạnh
Tổng hợp giỏ căn hộ vip 4 phòng ngủ vInhomes Central Park giá chỉ từ 17.5 tỷ LH:0922 565 ***,17500,150,4,3,Bình Thạnh
"Bán gấp căn hộ chung cư 4PN, 3WC, 150m2 tại Vinhomes Central Park, Bình Thạnh, 17tỷ3 VND",17300,150,4,3,Bình Thạnh
"Bán CC Vinhomes Central Park, 27 tỷ VND, 188m2, 4PN, 5WC, Chính chủ, giá cực chất",27000,188,4,5,Bình Thạnh
"Bán gấp 4PN 150m2 view sông công viên , giá 24 tỷ - Giá rẻ Nhất Thị Trường. LH0909 106 ***",24000,160,4,0,Bình Thạnh
BÁN GẤP CĂN 4PN VIEW TRỰC DIỆN CÔNG VIÊN - 153m2 - Có sổ - Giá chỉ 23.5 tỷ - Tin thật 100%,23500,153,4,3,Bình Thạnh
Bán biệt thự Xô Viết Nghệ Tĩnh 197m² 2 tầng - 35 tỷ - biệt thự lô góc khu vip bình thạnh,35000,197,4,0,Bình Thạnh
"Cần bán 4 phòng ngủ Landmark 81, sở hữu lâu dài, duy nhất 1 căn",45000,172,4,2,Bình Thạnh
"Chỉ 9,28 tỷ - 5x14m - 3 tầng - 4PN - MỚI ĐẸP FULL NỘI THẤT - Hoàng Hoa Thám - gần Phan Xích Long",9280,70,4,0,Bình Thạnh
"Bán gấp căn 4 phòng ngủ L1 đẹp rộng view thoáng mát Vinhomes Central Park, LH0901 511 ***",26000,160,4,3,Bình Thạnh
"XE HƠI ĐỖ CỬA - NGUYỄN VĂN ĐẬU, BÌNH THẠNH - 59m2 - 3 TẦNG - KHU DÂN DÂN TRÍ - HẺM TRẢI NHỰA",7300,59,4,5,Bình Thạnh
"BÁN NHÀ ĐẸP 3 TẦNG  4PN, HẺM RỘNG, GẦN XÔ VIẾT NGHỆ TĨNH  GIÁ CỰC CHẤT!",8100,50,4,3,Bình Thạnh
"Mặt tiền Gò Dầu 5.3x21m, 3 tầng sẵn hđ thuê giá tốt. Khu sầm uất nhiều Ngân hàng và thương hiệu lớn",18800,112,4,5,Tân Phú
"Bán nhà 76 m2 - 4m x 18m , 4PN , 5WC - 2 mặt tiền hẻm ô tô Dương Văn Dương, Tân Phú - giá 8,5 Tỷ",8500,76,4,5,Tân Phú
"Chính chủ bán nhà mới xây hẻm 1/ Trần Thủ Độ [4m x 16m] 2 lầu 4PN ,3WC",6350,64,4,2,Tân Phú
"Bán Nhà Khu VIP Ngay Công Viên Đường Gò Dầu - Diện Tích: 4,5m x 19m - Đúc 4 tầng - Giá Tốt: 10 tỷ",10000,85.5,4,5,Tân Phú
"Nhà riêng khu compound Tân Phú quy hoạch đồng bộ, nở hậu, sân sau nhà, SHR _ Nhận nhà ngay!",14800,77,4,5,Tân Phú
"Bán biệt thự Vinhomes Green Paradise, 18 tỷ VND, 188 m2, 4PN, 4WC, Cần Giờ, TP.HCM",18000,188,4,4,Cần Giờ
"Rổ hàng 08 biệt thự Nine South, DT 7x20m, 10x20m, 12x27m giá từ 16 tỷ/căn. LH0901 294 ***",16000,140,4,5,Nhà Bè
"CẦN BÁN GẤP BIỆT THỰ LAVILA KIẾN Á - DT 6x17.6m - Giá chỉ 10,7 tỷ - Cam kết giá tốt nhất khu vực",10800,105.6,4,5,Nhà Bè
TỔNG HỢP NHỮNG CĂN NHÀ MỚI TRỤC QUỐC LỘ 13 | VẠN PHÚC CITY | PHÂN KHÚC 6-8 tỷ |,7600,61,4,4,Thủ Đức
Bán Nhà 4 Lầu . Nơi Đáng Sống Bậc Nhất Hiện Nay . Nhà Mới . Khu Dân Cư Văn Minh Giá 6.1 Ti,6100,55,4,4,Thủ Đức
Biệt thự lô góc 2 mặt tiền khu bên sông - Hiệp Bình Chánh - Gigamall Thủ Đức,16500,120,4,4,Thủ Đức
"Bán nhanh căn nhà giá rẻ 9 tỷ 5, 3 tầng và sân thượng, 4 PN đường xe hơi chạy",9500,52.6,4,3,Thủ Đức
"VIP - khu bên sông - Gigamall - Phạm Văn Đồng - DT 156m2 - Ngang 6m - giá 16,99 tỷ TL",16990,156,4,4,Thủ Đức
DUY NHẤT 1 CĂN!!! NHÀ 4 TẦNG 5X20 CN 100M2 ĐƯỜNG 20 P. HIỆP BÌNH CHÁNH - NHÀ ĐẸP - NHỈNH 13 TỶ,13500,100,4,6,Thủ Đức
"Bán căn biệt thự góc 2MT đường D2 - N14, Phường Long Bình, Thủ Đức, TP HCM. Giá chỉ: 7.6 tỷ (TL)",7600,135.6,4,0,Thủ Đức
"Biệt thự sang chảnh khu Ven Sông. Hiệp Bình Chánh, TĐ. Chỉ 24,3 tỷ",24300,160,4,4,Thủ Đức
"Cần bán biệt thự tâm huyết tại An Phú, Quận 2. Khu vip Thủ Đức - 223m2 - 5PN - SHR giá 55 tỷ",55000,223,5,5,Quận 2
Bán khu nhà kinh doanh mặt tiền đường 42 có thu nhập 32 triệu/thăng,17500,192.5,5,0,Quận 2
SIÊU HIẾM!! SÁT MẶT TIỀN KHU VIP LÊ VĂN SỸ 5 TẦNG BTCT 60m2 CHỈ NHỈNH 8 TỶ,9000,58,5,6,Quận 3
"Bán gấp nhà 4 tầng kiến trúc cổ điển, 5PN, khu an ninh 24/24, sạch sẽ, thoáng mát, giá tốt",15000,72,5,6,Quận 7
"Bán 8 căn BT NP Jamona Golden Silk Q7 DT 5x18m, 5.4x20m, 7.4x18m, 13x18m, 10x21m SHR, giá 16,5 tỷ",16500,90,5,6,Quận 7
Chỉ 14.5 tỷ. Duy nhất 1 căn MTKD đường Lê Văn Lương Quận 7. 80m2 4 tầng hoàn công chuẩn pháp lí,14500,80,5,5,Quận 7
"Bán biệt thự đơn lập Hưng Thái, Phú Mỹ Hưng khu compound",120000,364.2,5,5,Quận 7
"SẢN PHẨM GIÁ HỜI! Bán shophouse view đẹp, căn góc ngã tư đắc địa tại The Manhattan, Vin Quận 9, HCM",24900,132,5,5,Quận 9
"Bán nhà mặt phố 323 Lê Đại Hành, 34 tỷ, 89m2, 5PN, 4WC, pháp lý đầy đủ, chính chủ",34000,89,5,4,Quận 11
Chỉ 7.58 tỷ - 46m2 đất - 4 tầng - 5PN- MỚI FULL NỘI THẤT vào ở liền- hẻm Phan Tây Hồ - sát hẻm ô tô,7580,46,5,4,Phú Nhuận
"Bán nhà đường nội bộ khu Tên Lửa, 5 x 20m, 3.5 tấm, 13.6 tỷ. cạnh Aeon Mall.",13600,100,5,5,Bình Tân
"Bán nhà 1 trệt 2 lầu, căn góc 2MT hẻm xe hơi 6m tại đường Lê Văn Quới, Bình Hưng Hòa A, Bình Tân",5300,114.6,5,3,Bình Tân
"Khu DC đồng bộ, ngay chợ Phạm Văn Bạch, Ôtô Ngủ trong nhà, trệt 3 lầu sân thượng, Full nội thất",8150,56.2,5,5,Gò Vấp
"BÁN NHÀ -NGANG 5,5M dài 15M 4LẦU - 5PN- 6Wt -TRƯỚC NHÀ 10M THÔNG, KINH DOANH ĐA NGÀNH NGHỀ- 12tỉ9TL",12900,79,5,6,Gò Vấp
BÁN NHÀ CITYLAND PARK HILLS- PHONG CÁCH INDOCHINE ĐẸP NHẤT KHU TÌM CHỦ ĐẲNG CẤP,25500,100,5,7,Gò Vấp
"NGANG 5,5M *15, 5 TẦNG, HXH PHAN HUY ÍCH F12 GÒ VẤP, GẦN EMART, GA T3, KHU SẦM UẤT, 12x TỶ.",12900,78,5,6,Gò Vấp
Siêu phẩm nhà phố cực hiếm Cityland 5x20 một trong những căn đẹp nhất khu,25500,100,5,4,Gò Vấp
Bán nhà Phan Thúc Duyện 127m2 4 tầng - 36 tỷ - khu vip sân bay,36000,127,5,6,Tân Bình
Chỉ 6.49 tỷ - 4.3x12m - 4 tầng - hẻm Bàu Cát - ngay Trần Mai Ninh- gần Bảy Hiền- thông khu Bàu Cát,6490,52,5,0,Tân Bình
NHÀ 5 TẦNG 5 PN.5WC LÝ THƯỜNG KIỆT P7 TÂN BÌN .GẦN CHỢ TÂN BÌNH GIÁ 15 TỶ800,15800,74,5,5,Tân Bình
Bán nhà Trường Sa 154.8m² 4 tầng - 48 tỷ - biệt thự 2 mặt tiền view sông khu Miếu Nổi,48000,154.8,5,5,Bình Thạnh
"Duy nhất căn siêu phẩm 8.45 TỶ, nhà 4 tầng, ngang khủng 5m, HXH 6m Xô Viết Nghệ Tĩnh Bình Thạnh",8450,105,5,6,Bình Thạnh
"Bán Nhà mặt tiền 475 Xô Viết Nghệ Tĩnh, D5, Ung Văn Khiêm, 55m2, 5PN 3 Tầng, Lh:0978 529 ***",9800,55,5,4,Bình Thạnh
Nhà 4x28m 1 trệt 3 lầu ST 5PN HXT Khuông Việt - Đầm Sen. Giá 11.6 tỷ TL,11600,112,5,5,Tân Phú
"Rổ hàng The Glen CondoVilla - Celadon City Tân Phú giá gốc CĐT, TT 20% nhận nhà, trả chậm 36 tháng",22000,85,5,6,Tân Phú
"Bán nhà hẻm 8m khu VIP Gò Dầu gần Tân Sơn Nhì 4,5x17m , 4 tầng đối diện công viên giá 10,9tỷ TL",10900,76.5,5,6,Tân Phú
"BÁN CĂN HỘ THẤP TẦNG LIỀN KỀ, MUA TRỰC TIẾP CHỦ ĐẦU TƯ, TT 20% NHẬN NHÀ Ở NGAY. TRẢ CHẬM 3 NĂM",22000,368,5,7,Tân Phú
"Chỉ còn 3 căn ngoại giao dinh thự mặt biển VVIP 189m2 - 15,5 tỷ, tại Vinhomes Cần Giờ",15500,189,5,4,Cần Giờ
"GIỎ HÀNG Độc quyền Nhà phố Liền kề Vinhomes Cần Giờ, Chỉ từ 10tỷ",10000,75,5,3,Cần Giờ
"Bán độc quyền căn nhà phố góc Amelie Phú Mỹ Hưng rẻ nhất 10.5 tỷ, LH Mr Toàn0901 828 ***",10500,120,5,0,Nhà Bè
"Bán biệt thự ven sông Sài Gòn, view công viên khu VIP Hiệp Bình Chánh, Thủ Đức",24500,160,5,6,Thủ Đức
"Bán biệt thự ven sông Sài Gòn, view công viên khu VIP Hiệp Bình Chánh, Thủ Đức",24500,160,5,6,Thủ Đức
Bán căn nhà phố 8x20 mặt tiền Cao Đức Lân tốt nhất thị trường liên hệ0941 400 ***,51000,160,6,5,Quận 2
Bán nhà Nam Kỳ Khởi Nghĩa 44m² 5 tầng - 7.8 tỷ - căn góc 3 mặt thoáng - view đẹp - sổ hồng,7800,44,6,7,Quận 3
Chỉ 8.25 tỷ - 6x8m - hẻm xe hơi Quận 3 - Nam Kỳ Khởi Nghĩa - căn góc 2mt- gần ngã tư Lý Chính Thắng,8250,48,6,0,Quận 3
"Danh Sách Nhà Mặt Tiền Đẹp Giá Tốt Quận 7 Mặt tiền Huỳnh Tấn Phát Quận 7
Rổ hàng cực tốt",15000,116,6,6,Quận 7
"Bán 8 căn nhà phố - biệt thự KDC Sadeco Ven Sông Q.7 DT: 7x18m, 13x18m giá 18 tỷ LH0901 294 ***",18000,126,6,5,Quận 7
"Rổ hàng BIỆT THỰ, NHÀ PHỐ - KDC Phú Mỹ VPH, DT 6x21m (126m2) giá 18 tỷ và DT 10,5x21 m giá 31 tỷ",18000,126,6,7,Quận 7
"Cần bán biệt thự cao cấp tại khu dân cư Riviera Cove TP Thủ Đức, DT từ 408-720m2 giá bán 52-63 tỷ",48500,508,6,7,Quận 9
"Siêu phẩm hầm, 4L, ST, thang máy (4,75x17m = 80,75m2) full NTCC đường nội bộ 12m khu vip 3 tháng 2",29500,80.75,6,5,Quận 10
"Nhà vị trí đẹp mặt tiền Nguyễn Văn Trỗi, P12, Q. PN. Ngang 12x20m, 5 tầng, HDT 379tr/th, giá 79 tỷ",79000,240,6,7,Phú Nhuận
"(28tỷ)bán nhà Cityland Center Hills Gò Vấp mặt tiền đẹp, khu sang trọng",28000,120,6,6,Gò Vấp
"Căn góc giá rẻ có dòng tiền tốt 7m x 20m (136m2) - chỉ 32tỷ, Cityland Park Hills, Lotte Mart Gò Vấp",32000,136,6,6,Gò Vấp
"Bán căn biệt thự góc 2 mặt tiền lớn nhất khu Cityland Garden Hill, nhà có sẵn thang máy ạ",82000,303,6,6,Gò Vấp
"Bán nhà vip khu biệt thự sang trọng Lê Văn Thọ, Gò Vấp, thang máy, full nội thất gỗ cẩm lai cao cấp",13900,74,6,0,Gò Vấp
Bán nhanh căn nhà phố gần công viên 1 trệt 4 lầu giá 23tỷ950,23950,100,6,6,Gò Vấp
"Bán nhà riêng có sân vườn rộng khu Sài Gòn Coop ngay trường tiểu học Lê Đức Thọ, dt 215m2",17900,215,6,4,Gò Vấp
Bán biệt thự Bàu Cát 2 191m2 3 tầng - 40 tỷ - khu biệt thự cao cấp,40000,191,6,5,Tân Bình
"NHÀ MẶT TIỀN PHAN VĂN SỬU, TÂN BÌNH (6,8x14M) 94M2, 4 TẦNG - 6PN - GIẢM MẠNH - CHỈ CÒN 21 TỶ",21000,94,6,6,Tân Bình
"Hiếm hẻm 10m - 66m2(4x17) - 4 tầng - khu đồng bộ, sát MT. Nguyễn Văn Thương (D1) F25 BT. Giá 9.2 TL",9200,66,6,6,Bình Thạnh
(Thông tin đúng) bán rẻ nhất căn góc 275m2-210t; 300m-250t;600m-560t biệt thự Vinhomes Central Park,210000,275,6,6,Bình Thạnh
"NHÀ MẶT PHỐ 4 TẦNG CĂN GÓC, LŨY BÁN BÍCH, TÂN PHÚ, CHỈ 17 TỶ.",17000,70,6,5,Tân Phú
Căn góc The Glen Celadon City/ mua CĐT/ V5.01/ 3 mặt tiền/ trả chậm 36th/ CK lên đến 29%/ 6*19m,30590,530.5,6,6,Tân Phú
Chỉ 7.5 tỷ - 4x20m - 4PN - MỚI FULL NỘI THẤT vào ở liền - Hẻm xe hơi 8m Tô Hiệu - gần Đầm Sen,7500,80,6,5,Tân Phú
Liền kề 75m phân khu Ánh sáng rẻ nhất thị trường. LH0855 222 ***,9900,75,6,6,Cần Giờ
"Bán shophouse tại Celesta Avenue, 35 tỷ, 396 m2, 6PN + 6WC, 4 tầng, Đông Bắc",35000,396,6,6,Nhà Bè
"Chính chủ cần bán căn nhà phố Amelie Phú Mỹ Hưng diện tích 6*20 vị trí đẹp giá chỉ 11,7 tỷ",11700,120,6,6,Nhà Bè
"Bán nhà phố ngay GIGAMALL, có gara ô tô, 4 tầng, 6 PN, 6 WC , khu dân trí cao, đường xe hơi",14300,105.2,6,6,Thủ Đức
"Bán căn lô góc, 3 mặt thoáng, 2mặt tiền, chỉ một căn duy nhất tại đường 3/2, P2, Quận 11 giá cực rẻ",16500,50,7,5,Quận 11
"Chỉ 11,9 tỷ - 10x12m - 7 Phòng ngủ - căn góc 2mt hẻm xe hơi 10m Nguyễn Ảnh Thủ - P. Trung Mỹ Tây",11900,120,7,4,Quận 12
HẺM XE HƠI - 1 CĂN RA MT - DÒNG TIỀN 24TR - - 81M2 - 5X16 - 7 PHÒNG - GIÁ HƠN 6 TỶ,6800,81,7,7,Tân Bình
Rổ hàng The Glen Celadon City view hồ/ Mua trực tiếp từ CĐT/ Chiết khấu max 29%/ CondoVilla Tân Phú,23000,367.4,7,7,Tân Phú
Biệt thự đơn lập Cityland Quận 7. Căn góc đường lớn khu compound,89000,329.8,8,6,Quận 7
"Căn mặt tiền Nguyễn Văn Lượng khu Cityland Park Hill hoàn thiện full nội thất, thang máy, máy lạnh",30000,100,8,6,Gò Vấp
"Chỉ 13,5 tỷ - 6.5x14m - 4 tầng - 6PN - NHÀ MỚI - hẻm xe hơi 8m Bạch Đằng- ngay sân bay Tân Sơn Nhất",13500,91,8,8,Tân Bình
Bán nhà Cô Giang 156m² 3 tầng - 20 tỷ - nhà ngang 9m siêu hiếm cách mặt tiền 1 căn phú nhuận,20000,156,9,0,Phú Nhuận
"Bán nhà CHDV căn góc (4,2x16m) nở hậu 5.2m 9Phòng 9wc ~ 130tr/m2 đất HĐT : 40Tr/Tháng Bình Thạnh",13000,78,9,9,Bình Thạnh
"Bán 6 căn nhà MT khu Hưng Gia, Hưng Phước Phú Mỹ Hưng - DT 6x18,5m, 11x18m, SHR, giá 25.5 tỷ/SP",25500,111,10,10,Quận 7
"Bán CHDV mini 10PN, 11WC, 53.1m2 giá siêu hời tại Phan Tây Hồ, P7, Phú Nhuận, HCM",13200,53.1,10,11,Phú Nhuận
BÁN CĂN HỘ DỊCH VỤ CAO CẤP 4 TẦNG CÓ THANG MÁY KHU VIP CẠNH SÂN BAY TÂN SƠN NHẤT HẺM OTO THÔNG,14800,93,10,10,Gò Vấp
"SÁT MẶT TIỀN - HẺM 5m DƯƠNG QUẢNG HÀM - ĐS20, P5, GÒ VẤP - DT 5,3x18m - 4TẦNG 10PN - CHỈ 11,5 TỶ TL",11500,88,10,11,Gò Vấp
"Bán Nhà Tôn Thất Tùng 72m2 6 Tầng - 36.8 Tỷ - 13 căn hộ, có thang máy",36800,72,13,14,Quận 1
Góc 2 mặt tiền Nguyễn Thị Minh Khai. DT:12x33m. 1 hầm 8 tầng. Giá 169 tỷ-Khu VIP ngay chợ Bến Thành,169000,250,14,16,Quận 1
Bán building căn hộ dịch vụ CHDV đang khai thác full 15 phòng Thảo Điền Quận 2,28200,98,15,15,Quận 2
"CC bán CHDV 15 phòng ngang hiếm 6x15m. Giá yêu thương 17,5 tỷ - thương lượng",17500,90,15,16,Bình Thạnh
Chuyên bán tòa nhà căn hộ dịch vụ khu vực Quận 7 giá từ 20 tỷ đến 100 tỷ. Bấm để xem,36000,180,20,20,Quận 7
"Nhà đẹp chuẩn khu vip Tân Phú giá chỉ 5 tỷ++, sổ sẵn công chứng ngay",5850,48,20,2,Tân Phú
"Chính chủ bán nhanh tòa nhà chung cư mini D2 Nguyễn Gia Trí, Bình Thạnh, HCM, 24PN, 56 tỷ TL",56000,180,24,25,Bình Thạnh
RẤT HIẾM THẬT 100% THU NHẬP TỐT 120 TRIỆU/THÁNG 33 PHÒNG 1200m2 SÀN KHU NGUYỄN THÁI SƠN-VƯỜN LÀI,19800,200,33,40,Gò Vấp
